{
  "_crystal": {
    "address": "Xi108:W1:A6:S18:u165:Su:S:d1",
    "shell": 18,
    "wreath": 1,
    "archetype": 6,
    "face": "S",
    "node_id": 165,
    "depth": 1,
    "phase": "Cardinal",
    "metro_stops": [
      "Me"
    ],
    "bridges": [
      "Xi108:W1:A6:S17",
      "Xi108:W1:A6:S19",
      "Xi108:W2:A6:S18",
      "Xi108:W1:A5:S18",
      "Xi108:W1:A7:S18"
    ],
    "regenerate": "shell 18±1, wreath 1/3, archetype 6/12"
  },
  "best_log_score": -278.0132308950961,
  "cfg_digest": "46e180c7bf452061b2f906f0c23c06d9ae86f1a80be4af322eebee10d8d1d120",
  "code_version": "unknown",
  "containment_radius_50_deg": 23.10634608190615,
  "containment_radius_90_deg": 61.95192866239699,
  "elite_keep": 50,
  "n_initial": 2000,
  "n_tnos": 12,
  "offspring_per_elite": 5,
  "posterior_temperature": 8.0,
  "refine_rounds": 1,
  "seed": 1,
  "sky_center_dec_deg": 11.83671042938085,
  "sky_center_ra_deg": 22.30099966517089,
  "tno_digest": "670837755d77a8089d3de9241843fcea35fdef7e64887660d34e02eaf3105003"
}
