{
  "epoch": 4,
  "cycle_range": [
    196,
    227
  ],
  "avg_delta": 0.06899443756209678,
  "kept_ratio": 1.0,
  "total_directives": 45,
  "total_actions": 45,
  "final_magnitude": 5.09433074712234,
  "timestamp": "2026-03-19T03:32:43-0700"
}