{
  "omega_id": 2,
  "epochs_completed": 6,
  "hologram_16": [
    0.0,
    0.0,
    0.0,
    1.0,
    0.95775390625,
    0.05700000000000005,
    1.0,
    0.0,
    0.46102707734319254,
    1.0,
    0.0,
    1.0,
    0.0,
    0.0,
    0.0,
    101.67750456725064
  ],
  "successor_seed_hash": "",
  "architecture_changes": [
    "gap: Observer pool 12D observations not flowing into sandbox 15D bridge"
  ],
  "total_improvement": 22.248229656225693,
  "timestamp": "2026-03-19T03:36:40-0700"
}