{
  "epoch": 6,
  "cycle_range": [
    285,
    341
  ],
  "avg_delta": -0.03897292265680746,
  "kept_ratio": 1.0,
  "total_directives": 68,
  "total_actions": 68,
  "final_magnitude": 8.073537660734969,
  "timestamp": "2026-03-19T03:36:40-0700"
}