{
  "epoch": 1,
  "cycle_range": [
    8,
    56
  ],
  "avg_delta": -0.002884907841272547,
  "kept_ratio": 0.9795918367346939,
  "total_directives": 0,
  "total_actions": 0,
  "final_magnitude": 1.8058159813829768,
  "timestamp": "2026-03-18T23:51:17-0700"
}