{
  "omega_id": 1,
  "epochs_completed": 3,
  "hologram_16": [
    0.0,
    0.0,
    0.0,
    1.0,
    0.97837890625,
    0.025000000000000022,
    1.0,
    0.0,
    0.5001567352208838,
    1.0,
    0.0,
    0.06106281932441233,
    0.0,
    0.0,
    0.0,
    7.734415913005154
  ],
  "successor_seed_hash": "",
  "architecture_changes": [
    "gap: Observer pool 12D observations not flowing into sandbox 15D bridge"
  ],
  "total_improvement": 0.34805807014915024,
  "timestamp": "2026-03-18T23:53:58-0700"
}