{
  "epoch": 3,
  "cycle_range": [
    114,
    170
  ],
  "avg_delta": 0.00015673522088377858,
  "kept_ratio": 1.0,
  "total_directives": 0,
  "total_actions": 0,
  "final_magnitude": 1.8057189525570003,
  "timestamp": "2026-03-18T23:53:57-0700"
}