{
  "type": "momentum_field",
  "version": 2,
  "total_params": 148,
  "training_cycles": 11,
  "meta_loops_completed": 0,
  "shell_momenta": {
    "S": {
      "1": 60.17634233704201,
      "2": 39.51624949004615,
      "3": 26.46023977574553,
      "4": 17.739962968545175,
      "5": 5.393845269855285,
      "6": 5.522575735493561,
      "7": 5.6178778573845065,
      "8": 4.549752286369745,
      "9": 4.663252106567147,
      "10": 5.16431061539508,
      "11": 5.2693456616751,
      "12": 4.364078585563048,
      "13": 4.854389597265314,
      "14": 4.690050869588861,
      "15": 5.622729822392317,
      "16": 4.805292944149491,
      "17": 5.414137551297631,
      "18": 5.351513691453685,
      "19": 5.702672879659345,
      "20": 5.191230213993943,
      "21": 5.664720008779691,
      "22": 4.941376523147371,
      "23": 5.741470333675894,
      "24": 4.966495591892032,
      "25": 5.381859612990436,
      "26": 5.773650976222612,
      "27": 6.163472764248984,
      "28": 4.33787659382542,
      "29": 6.182372995036355,
      "30": 5.490876288524679,
      "31": 6.347294635313275,
      "32": 4.776939700625764,
      "33": 4.903460759705062,
      "34": 5.18415776256885,
      "35": 5.3085900140165565,
      "36": 4.43142974178663
    },
    "F": {
      "1": -92.51130392275682,
      "2": -55.769021304471536,
      "3": -33.34038506891064,
      "4": -20.17291381603357,
      "5": 3.04457114418131,
      "6": 3.221634470430762,
      "7": 3.365495386367118,
      "8": 2.153657300819328,
      "9": 2.3033901478957026,
      "10": 2.9262002640531155,
      "11": 3.082485262438173,
      "12": 1.980979569324714,
      "13": 2.614405676328962,
      "14": 2.423451253453242,
      "15": 3.6625259416746965,
      "16": 2.6119758445272354,
      "17": 3.4538134384520687,
      "18": 3.4002459084129386,
      "19": 3.9193910377652124,
      "20": 3.236128339623372,
      "21": 3.9411860505921386,
      "22": 2.929160133710694,
      "23": 4.1286253901183985,
      "24": 3.012020092624324,
      "25": 3.6628764305367367,
      "26": 4.2943750301140104,
      "27": 4.938605440875398,
      "28": 2.1169778773533894,
      "29": 5.0633422784672595,
      "30": 3.9964875081753357,
      "31": 5.427903320479667,
      "32": 2.8845393249431237,
      "33": 3.1155063989448,
      "34": 3.6124994175408305,
      "35": 3.8531919935210492,
      "36": 2.3634415212163495
    },
    "C": {
      "1": 0.5,
      "2": 0.5,
      "3": 0.5,
      "4": 0.5,
      "5": 0.5,
      "6": 0.5,
      "7": 0.5,
      "8": 0.5,
      "9": 0.5,
      "10": 0.5,
      "11": 0.5,
      "12": 0.5,
      "13": 0.5,
      "14": 0.5,
      "15": 0.5,
      "16": 0.5,
      "17": 0.5,
      "18": 0.5,
      "19": 0.5,
      "20": 0.5,
      "21": 0.5,
      "22": 0.5,
      "23": 0.5,
      "24": 0.5,
      "25": 0.5,
      "26": 0.5,
      "27": 0.5,
      "28": 0.5,
      "29": 0.5,
      "30": 0.5,
      "31": 0.5,
      "32": 0.5,
      "33": 0.5,
      "34": 0.5,
      "35": 0.5,
      "36": 0.5
    },
    "R": {
      "1": -69.51210633240727,
      "2": -42.5712842322782,
      "3": -26.198335321872587,
      "4": -16.5548699273137,
      "5": 0.29563247948143623,
      "6": 0.3041462365795563,
      "7": 0.2885360509155688,
      "8": -0.331959342718524,
      "9": -0.30251501192143226,
      "10": -0.10393950519987838,
      "11": -0.10023725445147219,
      "12": -0.49651811050315664,
      "13": -0.3309510451432601,
      "14": -0.4124876228986524,
      "15": -0.13364059296607983,
      "16": -0.4162846513236129,
      "17": -0.26544373913985764,
      "18": -0.31107411983550315,
      "19": -0.2513896633923586,
      "20": -0.39844746299938755,
      "21": -0.31754063674109767,
      "22": -0.4881156588324344,
      "23": -0.35269651084699977,
      "24": -0.5120569806774627,
      "25": -0.45683300775379865,
      "26": -0.4130494860289895,
      "27": -0.3761021581521653,
      "28": -0.559440771554883,
      "29": -0.4154777020996285,
      "30": -0.5166028739577095,
      "31": -0.4339461161219508,
      "32": -0.559440771554883,
      "33": -0.559440771554883,
      "34": -0.559440771554883,
      "35": -0.559440771554883,
      "36": -0.559440771554883
    }
  },
  "dimension_momenta": {
    "D1_Earth": 4.15974142047068,
    "D2_Fire": 3.6294584583657628,
    "D3_Water": 0.5,
    "D4_Air": 4.517113029892162
  },
  "hologram_16": {
    "dimensions": {
      "D1_Earth": {
        "value": 0.25,
        "gradient": 0.3333333333333333,
        "momentum": 8.657385960051181,
        "curvature": 0.25
      },
      "D2_Fire": {
        "value": 0.25,
        "gradient": 0.3333333333333333,
        "momentum": -2.6403481921447534,
        "curvature": 0.25
      },
      "D3_Water": {
        "value": 0.25,
        "gradient": 0.3333333333333333,
        "momentum": 0.5,
        "curvature": 0.25
      },
      "D4_Air": {
        "value": 0.25,
        "gradient": 0.5,
        "momentum": -4.595617636942497,
        "curvature": 0.25
      }
    },
    "interconnections": {
      "D1_Earth_D2_Fire": 0.0401787904685298,
      "D1_Earth_D3_Water": 0.03348668311251599,
      "D1_Earth_D4_Air": 0.024365079092193855,
      "D2_Fire_D3_Water": 0.037027826854365536,
      "D2_Fire_D4_Air": 0.028363760678410233,
      "D3_Water_D4_Air": 0.03627256249558482
    },
    "total_values": 16,
    "compression_ratio": "38837:16 = 2427:1",
    "hash": "43b55fa36718b761"
  }
}