{
  "type": "momentum_field",
  "version": 2,
  "total_params": 148,
  "training_cycles": 609,
  "meta_loops_completed": 0,
  "shell_momenta": {
    "S": {
      "1": 0.6582349298352347,
      "2": 0.6440073455346954,
      "3": 0.6372159802208086,
      "4": 0.7439815700295807,
      "5": 1.0500252459818502,
      "6": 0.9475814450261635,
      "7": 0.9965300861507232,
      "8": 0.6530820894995079,
      "9": 1.8596480708454828,
      "10": 2.0555576542812544,
      "11": 1.9867150402765572,
      "12": 2.0077260646861586,
      "13": 1.7266281178457128,
      "14": 2.157786034222125,
      "15": 2.038076850864897,
      "16": 2.0744440473557955,
      "17": 2.238016201554333,
      "18": 2.101346507144956,
      "19": 2.2532641522506154,
      "20": 2.1580812171455652,
      "21": 2.0988300560564204,
      "22": 1.995175916764032,
      "23": 1.7936758884931108,
      "24": 1.8831432845204938,
      "25": 1.8873158089238895,
      "26": 1.9529840970141878,
      "27": 2.0710251429840905,
      "28": 2.07975187887235,
      "29": 1.9073284229705316,
      "30": 1.9990807372743316,
      "31": 1.9078464662230283,
      "32": 1.7114356440230474,
      "33": 1.3044210339983953,
      "34": 1.7802659251427542,
      "35": 1.9707176695463438,
      "36": 2.1594566642197366
    },
    "F": {
      "1": 2.395342987845744,
      "2": 1.8353474891370831,
      "3": 1.8371883414815242,
      "4": 1.8408092003174075,
      "5": 1.7568472866662959,
      "6": 1.8266509873688432,
      "7": 2.3784061090545756,
      "8": 1.9411498919689953,
      "9": 1.592588046370204,
      "10": 1.427666245156235,
      "11": 1.5217577486678933,
      "12": 1.5229183061056177,
      "13": 1.6138139584751439,
      "14": 1.4706765691693602,
      "15": 1.449047348207225,
      "16": 1.4419936289445574,
      "17": 1.3926810852468425,
      "18": 1.4366789462199328,
      "19": 1.3533028232390953,
      "20": 1.4022593587133836,
      "21": 1.429500606878943,
      "22": 1.4583028933700863,
      "23": 1.5958267475101227,
      "24": 1.552806488581016,
      "25": 2.0306535920345046,
      "26": 1.546987754059098,
      "27": 1.4155341053858763,
      "28": 1.429952628640988,
      "29": 1.5063151584136731,
      "30": 1.4592364788384884,
      "31": 1.5867902110876215,
      "32": 1.6475908041123233,
      "33": 1.8075261542028045,
      "34": 1.595185084155171,
      "35": 1.4264533059190063,
      "36": 1.457208618577307
    },
    "C": {
      "1": 0.5,
      "2": 0.5,
      "3": 0.5,
      "4": 0.5,
      "5": 0.5,
      "6": 0.5,
      "7": 0.5,
      "8": 0.5,
      "9": 0.5,
      "10": 0.5,
      "11": 0.5,
      "12": 0.5,
      "13": 0.5,
      "14": 0.5,
      "15": 0.5,
      "16": 0.5,
      "17": 0.5,
      "18": 0.5,
      "19": 0.5,
      "20": 0.5,
      "21": 0.5,
      "22": 0.5,
      "23": 0.5,
      "24": 0.5,
      "25": 0.5,
      "26": 0.5,
      "27": 0.5,
      "28": 0.5,
      "29": 0.5,
      "30": 0.5,
      "31": 0.5,
      "32": 0.5,
      "33": 0.5,
      "34": 0.5,
      "35": 0.5,
      "36": 0.5
    },
    "R": {
      "1": 1.7313559850755942,
      "2": 1.7347836776450078,
      "3": 1.7360759148304221,
      "4": 1.794951334735367,
      "5": 1.6799446088438186,
      "6": 1.6813973127201693,
      "7": 1.6733234129690686,
      "8": 1.6851927186169533,
      "9": 1.432288691743876,
      "10": 1.37247187061359,
      "11": 1.4228569096729469,
      "12": 1.4586849351243794,
      "13": 1.4369478274522247,
      "14": 1.3451107202086872,
      "15": 1.4214399589462365,
      "16": 1.4158206942018206,
      "17": 1.3703311829747178,
      "18": 1.3959981547943907,
      "19": 1.3640090262407765,
      "20": 1.3977064887451014,
      "21": 1.9469749727924635,
      "22": 1.5247367217110999,
      "23": 1.4329224360944912,
      "24": 1.4219462600393775,
      "25": 1.3867221596661359,
      "26": 1.429910927457029,
      "27": 1.4150883898837272,
      "28": 1.4304851605468445,
      "29": 1.474246873129202,
      "30": 1.4353696257086903,
      "31": 1.4076134592192147,
      "32": 1.4189281257730557,
      "33": 1.4573913583155063,
      "34": 1.350144736081009,
      "35": 1.4222968636811257,
      "36": 1.437992223517569
    }
  },
  "dimension_momenta": {
    "D1_Earth": 2.3306915514358977,
    "D2_Fire": 1.344734872485953,
    "D3_Water": 0.5,
    "D4_Air": 1.33515185804383
  },
  "hologram_16": {
    "dimensions": {
      "D1_Earth": {
        "value": 0.25,
        "gradient": 0.3333333333333333,
        "momentum": 1.7080667579938544,
        "curvature": 0.25
      },
      "D2_Fire": {
        "value": 0.25,
        "gradient": 0.3333333333333333,
        "momentum": 1.6217499163923053,
        "curvature": 0.25
      },
      "D3_Water": {
        "value": 0.25,
        "gradient": 0.3333333333333333,
        "momentum": 0.5,
        "curvature": 0.25
      },
      "D4_Air": {
        "value": 0.25,
        "gradient": 0.5,
        "momentum": 1.4984294922158803,
        "curvature": 0.25
      }
    },
    "interconnections": {
      "D1_Earth_D2_Fire": 0.039140794236604055,
      "D1_Earth_D3_Water": 0.03131502086187308,
      "D1_Earth_D4_Air": 0.02416090105330709,
      "D2_Fire_D3_Water": 0.03867415278840462,
      "D2_Fire_D4_Air": 0.031600056065190056,
      "D3_Water_D4_Air": 0.03862651765487457
    },
    "total_values": 16,
    "compression_ratio": "38837:16 = 2427:1",
    "hash": "27423dd4014108ef"
  }
}