{
  "record_id": "fe87b489b1d09086",
  "timestamp": "2026-03-20T03:12:26.663183+00:00",
  "source": "self_play",
  "agent_id": "meta-loop-engine",
  "cycle_id": 555,
  "epoch": 7,
  "epoch_cycle": 42,
  "x1_structure": 0.6,
  "x2_semantics": 0.5,
  "x3_coordination": 0.43966220832665404,
  "x4_recursion": 0.11,
  "x5_contradiction": 0.4,
  "x6_emergence": 1.0,
  "x7_legibility": 0.5,
  "x8_routing": 0.6,
  "x9_grounding": 0.13252006978118458,
  "x10_compression": 0.5,
  "x11_interop": 0.6,
  "x12_potential": 0.9199999999999999,
  "x13_resource_efficiency": 0.0,
  "x14_latency": 0.3,
  "x15_throughput": 0.0,
  "memory_mb": 52.05,
  "cpu_percent": 0.6,
  "context_pressure": 0.0,
  "tool_latency_ms": 0.0,
  "value_per_token": 0.0,
  "value_per_ms": 0.0,
  "compression_ratio": 0.0,
  "redundancy_score": 0.0,
  "efficiency_delta": 0.0,
  "action_type": "self_play_wave_140",
  "strategy": "refine",
  "outcome": "keep",
  "reasoning": "",
  "tool_name": "geometric_train",
  "momentum_delta": "[0.12896116840808713, 0.10718955016403268, 0.18144555341761937, 0.11248400713499916]",
  "prev_hash": "6200fcbe42455d19",
  "record_hash": "fe87b489b1d09086",
  "parent_seed_hash": "45230902ec2760f5"
}