{
  "record_id": "11f871ee12470f68",
  "timestamp": "2026-03-20T17:20:20.187315+00:00",
  "source": "self_play",
  "agent_id": "meta-loop-engine",
  "cycle_id": 697,
  "epoch": 10,
  "epoch_cycle": 13,
  "x1_structure": 0.6,
  "x2_semantics": 0.5,
  "x3_coordination": 0.3297235938818749,
  "x4_recursion": 0.06,
  "x5_contradiction": 0.4,
  "x6_emergence": 0.6950000000000001,
  "x7_legibility": 0.5,
  "x8_routing": 0.6,
  "x9_grounding": 0.1524098490800947,
  "x10_compression": 0.5,
  "x11_interop": 0.6,
  "x12_potential": 0.737,
  "x13_resource_efficiency": 0.0,
  "x14_latency": 0.3,
  "x15_throughput": 0.0,
  "memory_mb": 220.68,
  "cpu_percent": 0.0,
  "context_pressure": 0.0,
  "tool_latency_ms": 0.0,
  "value_per_token": 0.0,
  "value_per_ms": 0.0,
  "compression_ratio": 0.0,
  "redundancy_score": 0.0,
  "efficiency_delta": -2.6007723180905395e-05,
  "action_type": "self_play_wave_79",
  "strategy": "refine",
  "outcome": "keep",
  "reasoning": "",
  "tool_name": "geometric_train",
  "momentum_delta": "[0.15182104740430477, 0.21049596807958396, 0.13898313865531772, 0.10833924218117225]",
  "prev_hash": "f41bb4f60d4fb356",
  "record_hash": "11f871ee12470f68",
  "parent_seed_hash": "bfafa1ae1f2a0bff"
}