{
  "record_id": "ea2638ec19d6a427",
  "timestamp": "2026-03-20T17:16:19.769838+00:00",
  "source": "self_play",
  "agent_id": "meta-loop-engine",
  "cycle_id": 690,
  "epoch": 10,
  "epoch_cycle": 6,
  "x1_structure": 0.6,
  "x2_semantics": 0.5,
  "x3_coordination": 0.8786907900395348,
  "x4_recursion": 0.05,
  "x5_contradiction": 0.4,
  "x6_emergence": 0.645,
  "x7_legibility": 0.5,
  "x8_routing": 0.6,
  "x9_grounding": 0.1541361390084537,
  "x10_compression": 0.5,
  "x11_interop": 0.6,
  "x12_potential": 0.7070000000000001,
  "x13_resource_efficiency": 0.0,
  "x14_latency": 0.3,
  "x15_throughput": 0.0,
  "memory_mb": 145.49,
  "cpu_percent": 0.1,
  "context_pressure": 0.0,
  "tool_latency_ms": 0.0,
  "value_per_token": 0.0,
  "value_per_ms": 0.0,
  "compression_ratio": 0.0,
  "redundancy_score": 0.0,
  "efficiency_delta": 0.0,
  "action_type": "self_play_wave_69",
  "strategy": "exploit",
  "outcome": "keep",
  "reasoning": "",
  "tool_name": "geometric_train",
  "momentum_delta": "[0.15767068599586262, 0.14622475104584534, 0.14772623469678967, 0.16492288429531732]",
  "prev_hash": "7678e5d907b79445",
  "record_hash": "ea2638ec19d6a427",
  "parent_seed_hash": "eb6e062bb7fd7df5"
}