{
  "record_id": "550f1879d4bd5108",
  "timestamp": "2026-03-20T16:24:15.790382+00:00",
  "source": "self_play",
  "agent_id": "meta-loop-engine",
  "cycle_id": 664,
  "epoch": 9,
  "epoch_cycle": 37,
  "x1_structure": 0.6,
  "x2_semantics": 0.5,
  "x3_coordination": 0.4020761176726193,
  "x4_recursion": 0.03,
  "x5_contradiction": 0.4,
  "x6_emergence": 0.515,
  "x7_legibility": 0.5,
  "x8_routing": 0.6,
  "x9_grounding": 0.13093559031585766,
  "x10_compression": 0.5,
  "x11_interop": 0.6,
  "x12_potential": 0.629,
  "x13_resource_efficiency": 0.0,
  "x14_latency": 0.3,
  "x15_throughput": 0.0,
  "memory_mb": 144.93,
  "cpu_percent": 0.1,
  "context_pressure": 0.0,
  "tool_latency_ms": 0.0,
  "value_per_token": 0.0,
  "value_per_ms": 0.0,
  "compression_ratio": 0.0,
  "redundancy_score": 0.0,
  "efficiency_delta": 0.0,
  "action_type": "self_play_wave_43",
  "strategy": "exploit",
  "outcome": "keep",
  "reasoning": "",
  "tool_name": "geometric_train",
  "momentum_delta": "[0.17772490333746868, 0.14190545628753404, 0.10467661479744449, 0.09943538684098364]",
  "prev_hash": "97247b80436b2e06",
  "record_hash": "550f1879d4bd5108",
  "parent_seed_hash": "ddf569c5ee2f333c"
}