{
  "record_id": "d5ce259637a3c79e",
  "timestamp": "2026-03-20T03:04:39.475695+00:00",
  "source": "self_play",
  "agent_id": "meta-loop-engine",
  "cycle_id": 587,
  "epoch": 7,
  "epoch_cycle": 17,
  "x1_structure": 0.6,
  "x2_semantics": 0.5,
  "x3_coordination": 0.4991134139980329,
  "x4_recursion": 0.13,
  "x5_contradiction": 0.4,
  "x6_emergence": 1.085,
  "x7_legibility": 0.5,
  "x8_routing": 0.6,
  "x9_grounding": 0.11328263421730023,
  "x10_compression": 0.5,
  "x11_interop": 0.6,
  "x12_potential": 0.9710000000000001,
  "x13_resource_efficiency": 0.0,
  "x14_latency": 0.3,
  "x15_throughput": 0.0,
  "memory_mb": 53.06,
  "cpu_percent": 0.8,
  "context_pressure": 0.0,
  "tool_latency_ms": 0.0,
  "value_per_token": 0.0,
  "value_per_ms": 0.0,
  "compression_ratio": 0.0,
  "redundancy_score": 0.0,
  "efficiency_delta": 0.0,
  "action_type": "self_play_wave_157",
  "strategy": "refine",
  "outcome": "keep",
  "reasoning": "",
  "tool_name": "geometric_train",
  "momentum_delta": "[0.09105591314384821, 0.10257340483779086, 0.14779766505026137, 0.11170355383730064]",
  "prev_hash": "22a6fbfeae5f83f8",
  "record_hash": "d5ce259637a3c79e",
  "parent_seed_hash": "e7c145e051f79d9c"
}