{
  "record_id": "049807374902d725",
  "timestamp": "2026-03-20T05:39:21.204778+00:00",
  "source": "self_play",
  "agent_id": "meta-loop-engine",
  "cycle_id": 628,
  "epoch": 8,
  "epoch_cycle": 1,
  "x1_structure": 0.6,
  "x2_semantics": 0.5,
  "x3_coordination": 0.6531252714953308,
  "x4_recursion": 0.17,
  "x5_contradiction": 0.4,
  "x6_emergence": 1.365,
  "x7_legibility": 0.5,
  "x8_routing": 0.6,
  "x9_grounding": 0.12658024023781111,
  "x10_compression": 0.5,
  "x11_interop": 0.6,
  "x12_potential": 1.139,
  "x13_resource_efficiency": 0.0,
  "x14_latency": 0.3,
  "x15_throughput": 0.0,
  "memory_mb": 122.36,
  "cpu_percent": 0.6,
  "context_pressure": 0.0,
  "tool_latency_ms": 0.0,
  "value_per_token": 0.0,
  "value_per_ms": 0.0,
  "compression_ratio": 0.0,
  "redundancy_score": 0.0,
  "efficiency_delta": 0.0,
  "action_type": "self_play_wave_213",
  "strategy": "final",
  "outcome": "keep",
  "reasoning": "",
  "tool_name": "geometric_train",
  "momentum_delta": "[0.14021128750778142, 0.11632900593221746, 0.10293659052234945, 0.14684407698889596]",
  "prev_hash": "3d2274fea935409a",
  "record_hash": "049807374902d725",
  "parent_seed_hash": "6ec6ed41439efb28"
}