{
  "record_id": "3d2274fea935409a",
  "timestamp": "2026-03-20T05:37:20.456337+00:00",
  "source": "self_play",
  "agent_id": "meta-loop-engine",
  "cycle_id": 627,
  "epoch": 8,
  "epoch_cycle": 0,
  "x1_structure": 0.6,
  "x2_semantics": 0.5,
  "x3_coordination": 0.4241861865499177,
  "x4_recursion": 0.17,
  "x5_contradiction": 0.4,
  "x6_emergence": 1.36,
  "x7_legibility": 0.5,
  "x8_routing": 0.6,
  "x9_grounding": 0.13777516917777555,
  "x10_compression": 0.5,
  "x11_interop": 0.6,
  "x12_potential": 1.1360000000000001,
  "x13_resource_efficiency": 0.0,
  "x14_latency": 0.3,
  "x15_throughput": 0.0,
  "memory_mb": 122.35,
  "cpu_percent": 0.5,
  "context_pressure": 0.0,
  "tool_latency_ms": 0.0,
  "value_per_token": 0.0,
  "value_per_ms": 0.0,
  "compression_ratio": 0.0,
  "redundancy_score": 0.0,
  "efficiency_delta": 0.0,
  "action_type": "self_play_wave_212",
  "strategy": "final",
  "outcome": "keep",
  "reasoning": "",
  "tool_name": "geometric_train",
  "momentum_delta": "[0.09188199379460787, 0.15545293332147803, 0.17121483935759305, 0.13255091023742316]",
  "prev_hash": "7164767fa8fd4868",
  "record_hash": "3d2274fea935409a",
  "parent_seed_hash": "6ec6ed41439efb28"
}