{
  "record_id": "1429bdaf4855ceb7",
  "timestamp": "2026-03-20T17:26:20.599423+00:00",
  "source": "self_play",
  "agent_id": "meta-loop-engine",
  "cycle_id": 700,
  "epoch": 10,
  "epoch_cycle": 16,
  "x1_structure": 0.6,
  "x2_semantics": 0.5,
  "x3_coordination": 0.3373480978424327,
  "x4_recursion": 0.06,
  "x5_contradiction": 0.4,
  "x6_emergence": 0.71,
  "x7_legibility": 0.5,
  "x8_routing": 0.6,
  "x9_grounding": 0.10942530821801333,
  "x10_compression": 0.5,
  "x11_interop": 0.6,
  "x12_potential": 0.746,
  "x13_resource_efficiency": 0.0,
  "x14_latency": 0.3,
  "x15_throughput": 0.0,
  "memory_mb": 220.68,
  "cpu_percent": 0.1,
  "context_pressure": 0.0,
  "tool_latency_ms": 0.0,
  "value_per_token": 0.0,
  "value_per_ms": 0.0,
  "compression_ratio": 0.0,
  "redundancy_score": 0.0,
  "efficiency_delta": -2.5067684993643752e-05,
  "action_type": "self_play_wave_82",
  "strategy": "refine",
  "outcome": "keep",
  "reasoning": "",
  "tool_name": "geometric_train",
  "momentum_delta": "[0.11772202442024732, 0.07978801403560552, 0.15229890267045015, 0.08789229174575036]",
  "prev_hash": "0923df1144cc467f",
  "record_hash": "1429bdaf4855ceb7",
  "parent_seed_hash": "bfafa1ae1f2a0bff"
}