{
  "record_id": "272e2403342ca584",
  "timestamp": "2026-03-20T05:45:23.482669+00:00",
  "source": "self_play",
  "agent_id": "meta-loop-engine",
  "cycle_id": 631,
  "epoch": 8,
  "epoch_cycle": 4,
  "x1_structure": 0.6,
  "x2_semantics": 0.5,
  "x3_coordination": 0.5434388090493517,
  "x4_recursion": 0.18,
  "x5_contradiction": 0.4,
  "x6_emergence": 1.3800000000000001,
  "x7_legibility": 0.5,
  "x8_routing": 0.6,
  "x9_grounding": 0.10570153404105476,
  "x10_compression": 0.5,
  "x11_interop": 0.6,
  "x12_potential": 1.1480000000000001,
  "x13_resource_efficiency": 0.0,
  "x14_latency": 0.3,
  "x15_throughput": 0.0,
  "memory_mb": 122.16,
  "cpu_percent": 0.7,
  "context_pressure": 0.0,
  "tool_latency_ms": 0.0,
  "value_per_token": 0.0,
  "value_per_ms": 0.0,
  "compression_ratio": 0.0,
  "redundancy_score": 0.0,
  "efficiency_delta": 0.0,
  "action_type": "self_play_wave_216",
  "strategy": "final",
  "outcome": "keep",
  "reasoning": "",
  "tool_name": "geometric_train",
  "momentum_delta": "[0.10281678481866902, 0.1277542703644077, 0.07949505209731324, 0.1127400288838293]",
  "prev_hash": "4d09590927d3b036",
  "record_hash": "272e2403342ca584",
  "parent_seed_hash": "6ec6ed41439efb28"
}