{
  "record_id": "de273375219260ab",
  "timestamp": "2026-03-20T05:13:29.464566+00:00",
  "source": "self_play",
  "agent_id": "meta-loop-engine",
  "cycle_id": 651,
  "epoch": 8,
  "epoch_cycle": 24,
  "x1_structure": 0.6,
  "x2_semantics": 0.5,
  "x3_coordination": 0.33845087226829695,
  "x4_recursion": 0.18,
  "x5_contradiction": 0.4,
  "x6_emergence": 1.405,
  "x7_legibility": 0.5,
  "x8_routing": 0.6,
  "x9_grounding": 0.13304007838317145,
  "x10_compression": 0.5,
  "x11_interop": 0.6,
  "x12_potential": 1.163,
  "x13_resource_efficiency": 0.0,
  "x14_latency": 0.3,
  "x15_throughput": 0.0,
  "memory_mb": 52.92,
  "cpu_percent": 0.6,
  "context_pressure": 0.0,
  "tool_latency_ms": 0.0,
  "value_per_token": 0.0,
  "value_per_ms": 0.0,
  "compression_ratio": 0.0,
  "redundancy_score": 0.0,
  "efficiency_delta": 0.0,
  "action_type": "self_play_wave_221",
  "strategy": "final",
  "outcome": "keep",
  "reasoning": "",
  "tool_name": "geometric_train",
  "momentum_delta": "[0.17847101972265078, 0.14297463976447097, 0.09045847191490634, 0.1202561821306576]",
  "prev_hash": "8528a678b1dd81e1",
  "record_hash": "de273375219260ab",
  "parent_seed_hash": "626144a30fa362f5"
}