{
  "record_id": "fbb521fa45a16743",
  "timestamp": "2026-03-20T03:22:30.594382+00:00",
  "source": "self_play",
  "agent_id": "meta-loop-engine",
  "cycle_id": 560,
  "epoch": 7,
  "epoch_cycle": 47,
  "x1_structure": 0.6,
  "x2_semantics": 0.5,
  "x3_coordination": 0.6322440281178325,
  "x4_recursion": 0.12,
  "x5_contradiction": 0.4,
  "x6_emergence": 1.025,
  "x7_legibility": 0.5,
  "x8_routing": 0.6,
  "x9_grounding": 0.12553282604266036,
  "x10_compression": 0.5,
  "x11_interop": 0.6,
  "x12_potential": 0.935,
  "x13_resource_efficiency": 0.0,
  "x14_latency": 0.3,
  "x15_throughput": 0.0,
  "memory_mb": 51.55,
  "cpu_percent": 0.6,
  "context_pressure": 0.0,
  "tool_latency_ms": 0.0,
  "value_per_token": 0.0,
  "value_per_ms": 0.0,
  "compression_ratio": 0.0,
  "redundancy_score": 0.0,
  "efficiency_delta": 0.0,
  "action_type": "self_play_wave_145",
  "strategy": "refine",
  "outcome": "keep",
  "reasoning": "",
  "tool_name": "geometric_train",
  "momentum_delta": "[0.10362045213669878, 0.11645717043497757, 0.14978589858113242, 0.13226778301783268]",
  "prev_hash": "796492fea79535b1",
  "record_hash": "fbb521fa45a16743",
  "parent_seed_hash": "45230902ec2760f5"
}