{
  "record_id": "8692918b83af06f2",
  "timestamp": "2026-03-20T16:34:16.605639+00:00",
  "source": "self_play",
  "agent_id": "meta-loop-engine",
  "cycle_id": 674,
  "epoch": 10,
  "epoch_cycle": 47,
  "x1_structure": 0.6,
  "x2_semantics": 0.5,
  "x3_coordination": 0.30469042153412784,
  "x4_recursion": 0.04,
  "x5_contradiction": 0.4,
  "x6_emergence": 0.5800000000000001,
  "x7_legibility": 0.5,
  "x8_routing": 0.6,
  "x9_grounding": 0.12195798104785849,
  "x10_compression": 0.5,
  "x11_interop": 0.6,
  "x12_potential": 0.668,
  "x13_resource_efficiency": 0.0,
  "x14_latency": 0.3,
  "x15_throughput": 0.0,
  "memory_mb": 220.37,
  "cpu_percent": 0.0,
  "context_pressure": 0.0,
  "tool_latency_ms": 0.0,
  "value_per_token": 0.0,
  "value_per_ms": 0.0,
  "compression_ratio": 0.0,
  "redundancy_score": 0.0,
  "efficiency_delta": -3.650206762232336e-05,
  "action_type": "self_play_wave_56",
  "strategy": "exploit",
  "outcome": "keep",
  "reasoning": "",
  "tool_name": "geometric_train",
  "momentum_delta": "[0.11872617717591098, 0.07498401944771906, 0.1597825718406544, 0.1343391557271496]",
  "prev_hash": "fdadf3c51c870d0a",
  "record_hash": "8692918b83af06f2",
  "parent_seed_hash": "bfafa1ae1f2a0bff"
}