{
  "record_id": "605fa59b16709705",
  "timestamp": "2026-03-20T17:24:20.336297+00:00",
  "source": "self_play",
  "agent_id": "meta-loop-engine",
  "cycle_id": 694,
  "epoch": 10,
  "epoch_cycle": 10,
  "x1_structure": 0.6,
  "x2_semantics": 0.5,
  "x3_coordination": 0.6838044360233769,
  "x4_recursion": 0.06,
  "x5_contradiction": 0.4,
  "x6_emergence": 0.665,
  "x7_legibility": 0.5,
  "x8_routing": 0.6,
  "x9_grounding": 0.14687992946883477,
  "x10_compression": 0.5,
  "x11_interop": 0.6,
  "x12_potential": 0.719,
  "x13_resource_efficiency": 0.0,
  "x14_latency": 0.3,
  "x15_throughput": 0.0,
  "memory_mb": 145.49,
  "cpu_percent": 0.1,
  "context_pressure": 0.0,
  "tool_latency_ms": 0.0,
  "value_per_token": 0.0,
  "value_per_ms": 0.0,
  "compression_ratio": 0.0,
  "redundancy_score": 0.0,
  "efficiency_delta": 0.0,
  "action_type": "self_play_wave_73",
  "strategy": "exploit",
  "outcome": "keep",
  "reasoning": "",
  "tool_name": "geometric_train",
  "momentum_delta": "[0.16352584371183956, 0.15532243630839243, 0.15158837627851254, 0.11708306157659472]",
  "prev_hash": "d095a9dd1e610270",
  "record_hash": "605fa59b16709705",
  "parent_seed_hash": "eb6e062bb7fd7df5"
}