{
  "record_id": "0719fbe550c0f781",
  "timestamp": "2026-03-20T15:44:37.948547+00:00",
  "source": "self_play",
  "agent_id": "meta-loop-engine",
  "cycle_id": 648,
  "epoch": 9,
  "epoch_cycle": 21,
  "x1_structure": 0.6,
  "x2_semantics": 0.5,
  "x3_coordination": 0.36119631996001533,
  "x4_recursion": 0.02,
  "x5_contradiction": 0.4,
  "x6_emergence": 0.45999999999999996,
  "x7_legibility": 0.5,
  "x8_routing": 0.6,
  "x9_grounding": 0.13655379818613145,
  "x10_compression": 0.5,
  "x11_interop": 0.6,
  "x12_potential": 0.596,
  "x13_resource_efficiency": 0.0,
  "x14_latency": 0.3,
  "x15_throughput": 0.0,
  "memory_mb": 145.64,
  "cpu_percent": 0.1,
  "context_pressure": 0.0,
  "tool_latency_ms": 0.0,
  "value_per_token": 0.0,
  "value_per_ms": 0.0,
  "compression_ratio": 0.0,
  "redundancy_score": 0.0,
  "efficiency_delta": 0.0,
  "action_type": "self_play_wave_32",
  "strategy": "exploit",
  "outcome": "keep",
  "reasoning": "",
  "tool_name": "geometric_train",
  "momentum_delta": "[0.16221727501637, 0.16819003941157007, 0.08095897060683195, 0.13484890770975358]",
  "prev_hash": "db4fe591484e6238",
  "record_hash": "0719fbe550c0f781",
  "parent_seed_hash": "ddf569c5ee2f333c"
}