{
  "record_id": "80a312684456d348",
  "timestamp": "2026-03-20T16:58:25.855726+00:00",
  "source": "self_play",
  "agent_id": "meta-loop-engine",
  "cycle_id": 682,
  "epoch": 9,
  "epoch_cycle": 55,
  "x1_structure": 0.6,
  "x2_semantics": 0.5,
  "x3_coordination": 0.5221873846381495,
  "x4_recursion": 0.02,
  "x5_contradiction": 0.4,
  "x6_emergence": 0.435,
  "x7_legibility": 0.5,
  "x8_routing": 0.6,
  "x9_grounding": 0.12993509247607848,
  "x10_compression": 0.5,
  "x11_interop": 0.6,
  "x12_potential": 0.581,
  "x13_resource_efficiency": 0.0,
  "x14_latency": 0.3,
  "x15_throughput": 0.0,
  "memory_mb": 145.56,
  "cpu_percent": 0.1,
  "context_pressure": 0.0,
  "tool_latency_ms": 0.0,
  "value_per_token": 0.0,
  "value_per_ms": 0.0,
  "compression_ratio": 0.0,
  "redundancy_score": 0.0,
  "efficiency_delta": 0.0,
  "action_type": "self_play_wave_27",
  "strategy": "explore",
  "outcome": "keep",
  "reasoning": "",
  "tool_name": "geometric_train",
  "momentum_delta": "[0.12069955139613277, 0.16686858655664746, 0.10478396019336848, 0.12738827175816522]",
  "prev_hash": "52636b048d469c43",
  "record_hash": "80a312684456d348",
  "parent_seed_hash": "ddf569c5ee2f333c"
}