{
  "record_id": "26af1324d69015f1",
  "timestamp": "2026-03-20T17:27:17.277516+00:00",
  "source": "tool_call",
  "agent_id": "mcp-server",
  "cycle_id": 698,
  "epoch": 9,
  "epoch_cycle": 14,
  "x1_structure": 0.5,
  "x2_semantics": 0.5438699100999075,
  "x3_coordination": 0.6,
  "x4_recursion": 0.5,
  "x5_contradiction": 0.5,
  "x6_emergence": 0.4,
  "x7_legibility": 0.6,
  "x8_routing": 0.7,
  "x9_grounding": 0.6,
  "x10_compression": 0.8069999999999999,
  "x11_interop": 0.6,
  "x12_potential": 0.5,
  "x13_resource_efficiency": 0.0,
  "x14_latency": 0.9546199798583984,
  "x15_throughput": 0.0,
  "memory_mb": 306.63,
  "cpu_percent": 90.5,
  "context_pressure": 0.0,
  "tool_latency_ms": 226.9001007080078,
  "value_per_token": 0.0002817978808807811,
  "value_per_ms": 0.0023969575526976094,
  "compression_ratio": 0.0,
  "redundancy_score": 0.0,
  "efficiency_delta": 0.00010866069963524319,
  "action_type": "tool_call",
  "strategy": "",
  "outcome": "keep",
  "reasoning": "",
  "tool_name": "query_graph",
  "momentum_delta": "[]",
  "prev_hash": "1f92e6f40ee1e285",
  "record_hash": "26af1324d69015f1",
  "parent_seed_hash": "ddf569c5ee2f333c"
}