{
  "record_id": "fe95cfa3ba26ac82",
  "timestamp": "2026-03-20T04:04:45.923770+00:00",
  "source": "self_play",
  "agent_id": "meta-loop-engine",
  "cycle_id": 581,
  "epoch": 7,
  "epoch_cycle": 11,
  "x1_structure": 0.6,
  "x2_semantics": 0.5,
  "x3_coordination": 0.548182324911242,
  "x4_recursion": 0.13,
  "x5_contradiction": 0.4,
  "x6_emergence": 1.1300000000000001,
  "x7_legibility": 0.5,
  "x8_routing": 0.6,
  "x9_grounding": 0.11410927806829207,
  "x10_compression": 0.5,
  "x11_interop": 0.6,
  "x12_potential": 0.998,
  "x13_resource_efficiency": 0.0,
  "x14_latency": 0.3,
  "x15_throughput": 0.0,
  "memory_mb": 82.91,
  "cpu_percent": 0.6,
  "context_pressure": 0.0,
  "tool_latency_ms": 0.0,
  "value_per_token": 0.0,
  "value_per_ms": 0.0,
  "compression_ratio": 0.0,
  "redundancy_score": 0.0,
  "efficiency_delta": 0.0,
  "action_type": "self_play_wave_166",
  "strategy": "final",
  "outcome": "keep",
  "reasoning": "",
  "tool_name": "geometric_train",
  "momentum_delta": "[0.11382692543132333, 0.11532414018767079, 0.13942131768852326, 0.08786472896565094]",
  "prev_hash": "e5bb4ad78c1d0350",
  "record_hash": "fe95cfa3ba26ac82",
  "parent_seed_hash": "45230902ec2760f5"
}