{
  "record_id": "57b02db1dc48de43",
  "timestamp": "2026-03-20T02:40:12.492446+00:00",
  "source": "self_play",
  "agent_id": "meta-loop-engine",
  "cycle_id": 539,
  "epoch": 7,
  "epoch_cycle": 26,
  "x1_structure": 0.6,
  "x2_semantics": 0.5,
  "x3_coordination": 0.509561158463437,
  "x4_recursion": 0.1,
  "x5_contradiction": 0.4,
  "x6_emergence": 0.9199999999999999,
  "x7_legibility": 0.5,
  "x8_routing": 0.6,
  "x9_grounding": 0.1198358798428012,
  "x10_compression": 0.5,
  "x11_interop": 0.6,
  "x12_potential": 0.872,
  "x13_resource_efficiency": 0.0,
  "x14_latency": 0.3,
  "x15_throughput": 0.0,
  "memory_mb": 51.94,
  "cpu_percent": 0.7,
  "context_pressure": 0.0,
  "tool_latency_ms": 0.0,
  "value_per_token": 0.0,
  "value_per_ms": 0.0,
  "compression_ratio": 0.0,
  "redundancy_score": 0.0,
  "efficiency_delta": 0.0,
  "action_type": "self_play_wave_124",
  "strategy": "refine",
  "outcome": "keep",
  "reasoning": "",
  "tool_name": "geometric_train",
  "momentum_delta": "[0.09562567919800595, 0.12769201119631038, 0.1543978492826241, 0.10162797969426414]",
  "prev_hash": "35bb1a71f9890ebf",
  "record_hash": "57b02db1dc48de43",
  "parent_seed_hash": "45230902ec2760f5"
}