{
  "record_id": "87d2536b80c65683",
  "timestamp": "2026-03-20T03:30:33.629201+00:00",
  "source": "self_play",
  "agent_id": "meta-loop-engine",
  "cycle_id": 564,
  "epoch": 7,
  "epoch_cycle": 51,
  "x1_structure": 0.6,
  "x2_semantics": 0.5,
  "x3_coordination": 0.44600367287034426,
  "x4_recursion": 0.12,
  "x5_contradiction": 0.4,
  "x6_emergence": 1.045,
  "x7_legibility": 0.5,
  "x8_routing": 0.6,
  "x9_grounding": 0.11537701974005343,
  "x10_compression": 0.5,
  "x11_interop": 0.6,
  "x12_potential": 0.9470000000000001,
  "x13_resource_efficiency": 0.0,
  "x14_latency": 0.3,
  "x15_throughput": 0.0,
  "memory_mb": 121.72,
  "cpu_percent": 0.6,
  "context_pressure": 0.0,
  "tool_latency_ms": 0.0,
  "value_per_token": 0.0,
  "value_per_ms": 0.0,
  "compression_ratio": 0.0,
  "redundancy_score": 0.0,
  "efficiency_delta": 0.0,
  "action_type": "self_play_wave_149",
  "strategy": "refine",
  "outcome": "keep",
  "reasoning": "",
  "tool_name": "geometric_train",
  "momentum_delta": "[0.11809698458003907, 0.10400789200911831, 0.15166082377110593, 0.08774237859995053]",
  "prev_hash": "dd6d1899492a082a",
  "record_hash": "87d2536b80c65683",
  "parent_seed_hash": "45230902ec2760f5"
}