{
  "record_id": "8aa9615f5fa30376",
  "timestamp": "2026-03-20T17:04:18.796550+00:00",
  "source": "self_play",
  "agent_id": "meta-loop-engine",
  "cycle_id": 684,
  "epoch": 10,
  "epoch_cycle": 0,
  "x1_structure": 0.6,
  "x2_semantics": 0.5,
  "x3_coordination": 0.5097534899461218,
  "x4_recursion": 0.05,
  "x5_contradiction": 0.4,
  "x6_emergence": 0.615,
  "x7_legibility": 0.5,
  "x8_routing": 0.6,
  "x9_grounding": 0.11504488297604798,
  "x10_compression": 0.5,
  "x11_interop": 0.6,
  "x12_potential": 0.6890000000000001,
  "x13_resource_efficiency": 0.0,
  "x14_latency": 0.3,
  "x15_throughput": 0.0,
  "memory_mb": 145.49,
  "cpu_percent": 0.1,
  "context_pressure": 0.0,
  "tool_latency_ms": 0.0,
  "value_per_token": 0.0,
  "value_per_ms": 0.0,
  "compression_ratio": 0.0,
  "redundancy_score": 0.0,
  "efficiency_delta": 0.0,
  "action_type": "self_play_wave_63",
  "strategy": "exploit",
  "outcome": "keep",
  "reasoning": "",
  "tool_name": "geometric_train",
  "momentum_delta": "[0.10597176947715363, 0.084282270464118, 0.14068262284268238, 0.12924286912023805]",
  "prev_hash": "a6d8a05610edef88",
  "record_hash": "8aa9615f5fa30376",
  "parent_seed_hash": "eb6e062bb7fd7df5"
}