{
  "record_id": "5d8b3c9d3350a939",
  "timestamp": "2026-03-20T17:04:26.451639+00:00",
  "source": "self_play",
  "agent_id": "meta-loop-engine",
  "cycle_id": 685,
  "epoch": 9,
  "epoch_cycle": 1,
  "x1_structure": 0.6,
  "x2_semantics": 0.5,
  "x3_coordination": 0.566323708671367,
  "x4_recursion": 0.02,
  "x5_contradiction": 0.4,
  "x6_emergence": 0.44999999999999996,
  "x7_legibility": 0.5,
  "x8_routing": 0.6,
  "x9_grounding": 0.12083015580049228,
  "x10_compression": 0.5,
  "x11_interop": 0.6,
  "x12_potential": 0.59,
  "x13_resource_efficiency": 0.0,
  "x14_latency": 0.3,
  "x15_throughput": 0.0,
  "memory_mb": 145.56,
  "cpu_percent": 0.1,
  "context_pressure": 0.0,
  "tool_latency_ms": 0.0,
  "value_per_token": 0.0,
  "value_per_ms": 0.0,
  "compression_ratio": 0.0,
  "redundancy_score": 0.0,
  "efficiency_delta": 0.0,
  "action_type": "self_play_wave_30",
  "strategy": "exploit",
  "outcome": "keep",
  "reasoning": "",
  "tool_name": "geometric_train",
  "momentum_delta": "[0.09099354781472956, 0.14339472166294795, 0.13766188688388073, 0.11127046684041102]",
  "prev_hash": "a8fcb436964a8346",
  "record_hash": "5d8b3c9d3350a939",
  "parent_seed_hash": "ddf569c5ee2f333c"
}