{
  "record_id": "904582350f413e77",
  "timestamp": "2026-03-20T02:58:20.034260+00:00",
  "source": "self_play",
  "agent_id": "meta-loop-engine",
  "cycle_id": 548,
  "epoch": 7,
  "epoch_cycle": 35,
  "x1_structure": 0.6,
  "x2_semantics": 0.5,
  "x3_coordination": 0.5962168995283842,
  "x4_recursion": 0.11,
  "x5_contradiction": 0.4,
  "x6_emergence": 0.9650000000000001,
  "x7_legibility": 0.5,
  "x8_routing": 0.6,
  "x9_grounding": 0.12846880382156545,
  "x10_compression": 0.5,
  "x11_interop": 0.6,
  "x12_potential": 0.899,
  "x13_resource_efficiency": 0.0,
  "x14_latency": 0.3,
  "x15_throughput": 0.0,
  "memory_mb": 50.76,
  "cpu_percent": 0.7,
  "context_pressure": 0.0,
  "tool_latency_ms": 0.0,
  "value_per_token": 0.0,
  "value_per_ms": 0.0,
  "compression_ratio": 0.0,
  "redundancy_score": 0.0,
  "efficiency_delta": 0.0,
  "action_type": "self_play_wave_133",
  "strategy": "refine",
  "outcome": "keep",
  "reasoning": "",
  "tool_name": "geometric_train",
  "momentum_delta": "[0.15166378943348255, 0.12600866641238034, 0.13641250192786789, 0.09979025751253108]",
  "prev_hash": "9ea94e579c1be60b",
  "record_hash": "904582350f413e77",
  "parent_seed_hash": "45230902ec2760f5"
}