{
  "record_id": "a25e68f08e8cd9f9",
  "timestamp": "2026-03-20T04:34:57.526500+00:00",
  "source": "self_play",
  "agent_id": "meta-loop-engine",
  "cycle_id": 596,
  "epoch": 8,
  "epoch_cycle": 26,
  "x1_structure": 0.6,
  "x2_semantics": 0.5,
  "x3_coordination": 0.576595299944869,
  "x4_recursion": 0.15,
  "x5_contradiction": 0.4,
  "x6_emergence": 1.205,
  "x7_legibility": 0.5,
  "x8_routing": 0.6,
  "x9_grounding": 0.1307610214885706,
  "x10_compression": 0.5,
  "x11_interop": 0.6,
  "x12_potential": 1.0430000000000001,
  "x13_resource_efficiency": 0.0,
  "x14_latency": 0.3,
  "x15_throughput": 0.0,
  "memory_mb": 51.72,
  "cpu_percent": 0.6,
  "context_pressure": 0.0,
  "tool_latency_ms": 0.0,
  "value_per_token": 0.0,
  "value_per_ms": 0.0,
  "compression_ratio": 0.0,
  "redundancy_score": 0.0,
  "efficiency_delta": 0.0,
  "action_type": "self_play_wave_181",
  "strategy": "final",
  "outcome": "keep",
  "reasoning": "",
  "tool_name": "geometric_train",
  "momentum_delta": "[0.10787304954535454, 0.16323788062762531, 0.14061239320981264, 0.11132076257149003]",
  "prev_hash": "30dee83f93d06db3",
  "record_hash": "a25e68f08e8cd9f9",
  "parent_seed_hash": "6ec6ed41439efb28"
}