{
  "record_id": "d1e6b0e22cb205b5",
  "timestamp": "2026-03-20T03:40:37.246504+00:00",
  "source": "self_play",
  "agent_id": "meta-loop-engine",
  "cycle_id": 569,
  "epoch": 7,
  "epoch_cycle": 56,
  "x1_structure": 0.6,
  "x2_semantics": 0.5,
  "x3_coordination": 0.5782482444140112,
  "x4_recursion": 0.12,
  "x5_contradiction": 0.4,
  "x6_emergence": 1.07,
  "x7_legibility": 0.5,
  "x8_routing": 0.6,
  "x9_grounding": 0.10604960326219315,
  "x10_compression": 0.5,
  "x11_interop": 0.6,
  "x12_potential": 0.962,
  "x13_resource_efficiency": 0.0,
  "x14_latency": 0.3,
  "x15_throughput": 0.0,
  "memory_mb": 121.48,
  "cpu_percent": 0.6,
  "context_pressure": 0.0,
  "tool_latency_ms": 0.0,
  "value_per_token": 0.0,
  "value_per_ms": 0.0,
  "compression_ratio": 0.0,
  "redundancy_score": 0.0,
  "efficiency_delta": 0.0,
  "action_type": "self_play_wave_154",
  "strategy": "refine",
  "outcome": "keep",
  "reasoning": "",
  "tool_name": "geometric_train",
  "momentum_delta": "[0.10676429179179503, 0.09178014852276693, 0.09046368318959151, 0.13519028954461906]",
  "prev_hash": "99013a2691765e17",
  "record_hash": "d1e6b0e22cb205b5",
  "parent_seed_hash": "45230902ec2760f5"
}