{
  "record_id": "00d6e446ba10f454",
  "timestamp": "2026-03-20T03:00:20.932344+00:00",
  "source": "self_play",
  "agent_id": "meta-loop-engine",
  "cycle_id": 549,
  "epoch": 7,
  "epoch_cycle": 36,
  "x1_structure": 0.6,
  "x2_semantics": 0.5,
  "x3_coordination": 0.4798042716903601,
  "x4_recursion": 0.11,
  "x5_contradiction": 0.4,
  "x6_emergence": 0.97,
  "x7_legibility": 0.5,
  "x8_routing": 0.6,
  "x9_grounding": 0.1325480663024161,
  "x10_compression": 0.5,
  "x11_interop": 0.6,
  "x12_potential": 0.902,
  "x13_resource_efficiency": 0.0,
  "x14_latency": 0.3,
  "x15_throughput": 0.0,
  "memory_mb": 50.53,
  "cpu_percent": 0.7,
  "context_pressure": 0.0,
  "tool_latency_ms": 0.0,
  "value_per_token": 0.0,
  "value_per_ms": 0.0,
  "compression_ratio": 0.0,
  "redundancy_score": 0.0,
  "efficiency_delta": 0.0,
  "action_type": "self_play_wave_134",
  "strategy": "refine",
  "outcome": "keep",
  "reasoning": "",
  "tool_name": "geometric_train",
  "momentum_delta": "[0.09097786000765316, 0.1404190706082322, 0.138866536699906, 0.15992879789387293]",
  "prev_hash": "904582350f413e77",
  "record_hash": "00d6e446ba10f454",
  "parent_seed_hash": "45230902ec2760f5"
}