{
  "record_id": "6200fcbe42455d19",
  "timestamp": "2026-03-20T03:10:25.915996+00:00",
  "source": "self_play",
  "agent_id": "meta-loop-engine",
  "cycle_id": 554,
  "epoch": 7,
  "epoch_cycle": 41,
  "x1_structure": 0.6,
  "x2_semantics": 0.5,
  "x3_coordination": 0.2087464688615578,
  "x4_recursion": 0.11,
  "x5_contradiction": 0.4,
  "x6_emergence": 0.9950000000000001,
  "x7_legibility": 0.5,
  "x8_routing": 0.6,
  "x9_grounding": 0.12186536921315694,
  "x10_compression": 0.5,
  "x11_interop": 0.6,
  "x12_potential": 0.917,
  "x13_resource_efficiency": 0.0,
  "x14_latency": 0.3,
  "x15_throughput": 0.0,
  "memory_mb": 52.03,
  "cpu_percent": 0.6,
  "context_pressure": 0.0,
  "tool_latency_ms": 0.0,
  "value_per_token": 0.0,
  "value_per_ms": 0.0,
  "compression_ratio": 0.0,
  "redundancy_score": 0.0,
  "efficiency_delta": 0.0,
  "action_type": "self_play_wave_139",
  "strategy": "refine",
  "outcome": "keep",
  "reasoning": "",
  "tool_name": "geometric_train",
  "momentum_delta": "[0.1778769404066126, 0.08145053669321219, 0.09023740338381724, 0.13789659636898557]",
  "prev_hash": "e3a00acc58ee121e",
  "record_hash": "6200fcbe42455d19",
  "parent_seed_hash": "45230902ec2760f5"
}