{
  "record_id": "e75e82e359053e45",
  "timestamp": "2026-03-20T03:42:37.941131+00:00",
  "source": "self_play",
  "agent_id": "meta-loop-engine",
  "cycle_id": 570,
  "epoch": 7,
  "epoch_cycle": 0,
  "x1_structure": 0.6,
  "x2_semantics": 0.5,
  "x3_coordination": 0.5212530541124408,
  "x4_recursion": 0.12,
  "x5_contradiction": 0.4,
  "x6_emergence": 1.075,
  "x7_legibility": 0.5,
  "x8_routing": 0.6,
  "x9_grounding": 0.12840691782433844,
  "x10_compression": 0.5,
  "x11_interop": 0.6,
  "x12_potential": 0.9650000000000001,
  "x13_resource_efficiency": 0.0,
  "x14_latency": 0.3,
  "x15_throughput": 0.0,
  "memory_mb": 121.65,
  "cpu_percent": 0.5,
  "context_pressure": 0.0,
  "tool_latency_ms": 0.0,
  "value_per_token": 0.0,
  "value_per_ms": 0.0,
  "compression_ratio": 0.0,
  "redundancy_score": 0.0,
  "efficiency_delta": 0.0,
  "action_type": "self_play_wave_155",
  "strategy": "refine",
  "outcome": "keep",
  "reasoning": "",
  "tool_name": "geometric_train",
  "momentum_delta": "[0.15809850461900757, 0.09662408487977076, 0.1318145893243616, 0.12709049247421392]",
  "prev_hash": "d1e6b0e22cb205b5",
  "record_hash": "e75e82e359053e45",
  "parent_seed_hash": "45230902ec2760f5"
}