{
  "record_id": "e5bb4ad78c1d0350",
  "timestamp": "2026-03-20T04:02:45.172164+00:00",
  "source": "self_play",
  "agent_id": "meta-loop-engine",
  "cycle_id": 580,
  "epoch": 7,
  "epoch_cycle": 10,
  "x1_structure": 0.6,
  "x2_semantics": 0.5,
  "x3_coordination": 0.25793223779897356,
  "x4_recursion": 0.13,
  "x5_contradiction": 0.4,
  "x6_emergence": 1.125,
  "x7_legibility": 0.5,
  "x8_routing": 0.6,
  "x9_grounding": 0.11618722848061214,
  "x10_compression": 0.5,
  "x11_interop": 0.6,
  "x12_potential": 0.995,
  "x13_resource_efficiency": 0.0,
  "x14_latency": 0.3,
  "x15_throughput": 0.0,
  "memory_mb": 82.89,
  "cpu_percent": 0.5,
  "context_pressure": 0.0,
  "tool_latency_ms": 0.0,
  "value_per_token": 0.0,
  "value_per_ms": 0.0,
  "compression_ratio": 0.0,
  "redundancy_score": 0.0,
  "efficiency_delta": 0.0,
  "action_type": "self_play_wave_165",
  "strategy": "final",
  "outcome": "keep",
  "reasoning": "",
  "tool_name": "geometric_train",
  "momentum_delta": "[0.11338265539312455, 0.14137793746423116, 0.14810355885002013, 0.061884762215072886]",
  "prev_hash": "934fe2612b247a70",
  "record_hash": "e5bb4ad78c1d0350",
  "parent_seed_hash": "45230902ec2760f5"
}