{
  "record_id": "404d661b9f530956",
  "timestamp": "2026-03-20T05:23:15.379987+00:00",
  "source": "self_play",
  "agent_id": "meta-loop-engine",
  "cycle_id": 620,
  "epoch": 8,
  "epoch_cycle": 50,
  "x1_structure": 0.6,
  "x2_semantics": 0.5,
  "x3_coordination": 0.16128735632223234,
  "x4_recursion": 0.17,
  "x5_contradiction": 0.4,
  "x6_emergence": 1.325,
  "x7_legibility": 0.5,
  "x8_routing": 0.6,
  "x9_grounding": 0.12175125325463876,
  "x10_compression": 0.5,
  "x11_interop": 0.6,
  "x12_potential": 1.115,
  "x13_resource_efficiency": 0.0,
  "x14_latency": 0.3,
  "x15_throughput": 0.0,
  "memory_mb": 50.89,
  "cpu_percent": 0.6,
  "context_pressure": 0.0,
  "tool_latency_ms": 0.0,
  "value_per_token": 0.0,
  "value_per_ms": 0.0,
  "compression_ratio": 0.0,
  "redundancy_score": 0.0,
  "efficiency_delta": 0.0,
  "action_type": "self_play_wave_205",
  "strategy": "final",
  "outcome": "keep",
  "reasoning": "",
  "tool_name": "geometric_train",
  "momentum_delta": "[0.17552909243967826, 0.16268694712763943, 0.07537419649983856, 0.07341477695139877]",
  "prev_hash": "24c859e8232fc8aa",
  "record_hash": "404d661b9f530956",
  "parent_seed_hash": "6ec6ed41439efb28"
}