{
  "record_id": "b9837c3e6a4d2a52",
  "timestamp": "2026-03-20T16:36:16.775982+00:00",
  "source": "self_play",
  "agent_id": "meta-loop-engine",
  "cycle_id": 675,
  "epoch": 10,
  "epoch_cycle": 48,
  "x1_structure": 0.6,
  "x2_semantics": 0.5,
  "x3_coordination": 0.24595617216558474,
  "x4_recursion": 0.04,
  "x5_contradiction": 0.4,
  "x6_emergence": 0.585,
  "x7_legibility": 0.5,
  "x8_routing": 0.6,
  "x9_grounding": 0.11161147285135942,
  "x10_compression": 0.5,
  "x11_interop": 0.6,
  "x12_potential": 0.671,
  "x13_resource_efficiency": 0.0,
  "x14_latency": 0.3,
  "x15_throughput": 0.0,
  "memory_mb": 220.37,
  "cpu_percent": 0.1,
  "context_pressure": 0.0,
  "tool_latency_ms": 0.0,
  "value_per_token": 0.0,
  "value_per_ms": 0.0,
  "compression_ratio": 0.0,
  "redundancy_score": 0.0,
  "efficiency_delta": -3.587272162883503e-05,
  "action_type": "self_play_wave_57",
  "strategy": "exploit",
  "outcome": "keep",
  "reasoning": "",
  "tool_name": "geometric_train",
  "momentum_delta": "[0.15379738292163045, 0.10733578833362122, 0.0696374407025545, 0.11567527944763138]",
  "prev_hash": "8692918b83af06f2",
  "record_hash": "b9837c3e6a4d2a52",
  "parent_seed_hash": "bfafa1ae1f2a0bff"
}