{
  "record_id": "a6d8a05610edef88",
  "timestamp": "2026-03-20T17:02:18.685335+00:00",
  "source": "self_play",
  "agent_id": "meta-loop-engine",
  "cycle_id": 683,
  "epoch": 10,
  "epoch_cycle": 56,
  "x1_structure": 0.6,
  "x2_semantics": 0.5,
  "x3_coordination": 0.5592591314351828,
  "x4_recursion": 0.05,
  "x5_contradiction": 0.4,
  "x6_emergence": 0.61,
  "x7_legibility": 0.5,
  "x8_routing": 0.6,
  "x9_grounding": 0.12771487218400346,
  "x10_compression": 0.5,
  "x11_interop": 0.6,
  "x12_potential": 0.6859999999999999,
  "x13_resource_efficiency": 0.0,
  "x14_latency": 0.3,
  "x15_throughput": 0.0,
  "memory_mb": 145.49,
  "cpu_percent": 0.1,
  "context_pressure": 0.0,
  "tool_latency_ms": 0.0,
  "value_per_token": 0.0,
  "value_per_ms": 0.0,
  "compression_ratio": 0.0,
  "redundancy_score": 0.0,
  "efficiency_delta": 0.0,
  "action_type": "self_play_wave_62",
  "strategy": "exploit",
  "outcome": "keep",
  "reasoning": "",
  "tool_name": "geometric_train",
  "momentum_delta": "[0.1569390107422507, 0.14946797857053815, 0.10380265237599647, 0.10064984704722842]",
  "prev_hash": "f8b6b34165a6056b",
  "record_hash": "a6d8a05610edef88",
  "parent_seed_hash": "eb6e062bb7fd7df5"
}