{
  "record_id": "8acaf29838be08b2",
  "timestamp": "2026-03-20T17:08:19.268755+00:00",
  "source": "self_play",
  "agent_id": "meta-loop-engine",
  "cycle_id": 686,
  "epoch": 10,
  "epoch_cycle": 2,
  "x1_structure": 0.6,
  "x2_semantics": 0.5,
  "x3_coordination": 0.4831555962602252,
  "x4_recursion": 0.05,
  "x5_contradiction": 0.4,
  "x6_emergence": 0.625,
  "x7_legibility": 0.5,
  "x8_routing": 0.6,
  "x9_grounding": 0.13418065680006452,
  "x10_compression": 0.5,
  "x11_interop": 0.6,
  "x12_potential": 0.6950000000000001,
  "x13_resource_efficiency": 0.0,
  "x14_latency": 0.3,
  "x15_throughput": 0.0,
  "memory_mb": 145.49,
  "cpu_percent": 0.2,
  "context_pressure": 0.0,
  "tool_latency_ms": 0.0,
  "value_per_token": 0.0,
  "value_per_ms": 0.0,
  "compression_ratio": 0.0,
  "redundancy_score": 0.0,
  "efficiency_delta": 0.0,
  "action_type": "self_play_wave_65",
  "strategy": "exploit",
  "outcome": "keep",
  "reasoning": "",
  "tool_name": "geometric_train",
  "momentum_delta": "[0.13323376417278698, 0.11998973159856924, 0.17642482649307134, 0.10707430493583063]",
  "prev_hash": "ea79265712d3dda1",
  "record_hash": "8acaf29838be08b2",
  "parent_seed_hash": "eb6e062bb7fd7df5"
}