{
  "record_id": "ba529a89105a4dc2",
  "timestamp": "2026-03-20T04:43:00.674466+00:00",
  "source": "self_play",
  "agent_id": "meta-loop-engine",
  "cycle_id": 600,
  "epoch": 8,
  "epoch_cycle": 30,
  "x1_structure": 0.6,
  "x2_semantics": 0.5,
  "x3_coordination": 0.49811560112156794,
  "x4_recursion": 0.15,
  "x5_contradiction": 0.4,
  "x6_emergence": 1.225,
  "x7_legibility": 0.5,
  "x8_routing": 0.6,
  "x9_grounding": 0.10806492987624505,
  "x10_compression": 0.5,
  "x11_interop": 0.6,
  "x12_potential": 1.0550000000000002,
  "x13_resource_efficiency": 0.0,
  "x14_latency": 0.3,
  "x15_throughput": 0.0,
  "memory_mb": 51.64,
  "cpu_percent": 0.6,
  "context_pressure": 0.0,
  "tool_latency_ms": 0.0,
  "value_per_token": 0.0,
  "value_per_ms": 0.0,
  "compression_ratio": 0.0,
  "redundancy_score": 0.0,
  "efficiency_delta": 0.0,
  "action_type": "self_play_wave_185",
  "strategy": "final",
  "outcome": "keep",
  "reasoning": "",
  "tool_name": "geometric_train",
  "momentum_delta": "[0.117379277230331, 0.1289247009234301, 0.11126714279856816, 0.07468859855265095]",
  "prev_hash": "4bfdf95c9db470d2",
  "record_hash": "ba529a89105a4dc2",
  "parent_seed_hash": "6ec6ed41439efb28"
}