{
  "record_id": "70f632432eae9e77",
  "timestamp": "2026-03-20T16:40:16.915748+00:00",
  "source": "self_play",
  "agent_id": "meta-loop-engine",
  "cycle_id": 672,
  "epoch": 9,
  "epoch_cycle": 45,
  "x1_structure": 0.6,
  "x2_semantics": 0.5,
  "x3_coordination": 0.28314853655472527,
  "x4_recursion": 0.04,
  "x5_contradiction": 0.4,
  "x6_emergence": 0.5549999999999999,
  "x7_legibility": 0.5,
  "x8_routing": 0.6,
  "x9_grounding": 0.08274046465541618,
  "x10_compression": 0.5,
  "x11_interop": 0.6,
  "x12_potential": 0.653,
  "x13_resource_efficiency": 0.0,
  "x14_latency": 0.3,
  "x15_throughput": 0.0,
  "memory_mb": 145.43,
  "cpu_percent": 0.1,
  "context_pressure": 0.0,
  "tool_latency_ms": 0.0,
  "value_per_token": 0.0,
  "value_per_ms": 0.0,
  "compression_ratio": 0.0,
  "redundancy_score": 0.0,
  "efficiency_delta": 0.0,
  "action_type": "self_play_wave_51",
  "strategy": "exploit",
  "outcome": "keep",
  "reasoning": "",
  "tool_name": "geometric_train",
  "momentum_delta": "[0.0489461808694693, 0.10825880404384645, 0.10741732847530457, 0.06633954523304454]",
  "prev_hash": "de54b6ec20de836e",
  "record_hash": "70f632432eae9e77",
  "parent_seed_hash": "ddf569c5ee2f333c"
}