{
  "record_id": "db4fe591484e6238",
  "timestamp": "2026-03-20T15:42:37.871833+00:00",
  "source": "self_play",
  "agent_id": "meta-loop-engine",
  "cycle_id": 647,
  "epoch": 9,
  "epoch_cycle": 20,
  "x1_structure": 0.6,
  "x2_semantics": 0.5,
  "x3_coordination": 0.4719354181950072,
  "x4_recursion": 0.02,
  "x5_contradiction": 0.4,
  "x6_emergence": 0.45499999999999996,
  "x7_legibility": 0.5,
  "x8_routing": 0.6,
  "x9_grounding": 0.150739641681359,
  "x10_compression": 0.5,
  "x11_interop": 0.6,
  "x12_potential": 0.593,
  "x13_resource_efficiency": 0.0,
  "x14_latency": 0.3,
  "x15_throughput": 0.0,
  "memory_mb": 145.64,
  "cpu_percent": 0.1,
  "context_pressure": 0.0,
  "tool_latency_ms": 0.0,
  "value_per_token": 0.0,
  "value_per_ms": 0.0,
  "compression_ratio": 0.0,
  "redundancy_score": 0.0,
  "efficiency_delta": 0.0,
  "action_type": "self_play_wave_31",
  "strategy": "exploit",
  "outcome": "keep",
  "reasoning": "",
  "tool_name": "geometric_train",
  "momentum_delta": "[0.1553360144045345, 0.17576634483243345, 0.17569012850193602, 0.09616607898653211]",
  "prev_hash": "238781e6b260fd3c",
  "record_hash": "db4fe591484e6238",
  "parent_seed_hash": "ddf569c5ee2f333c"
}