{
  "record_id": "ee14c003790a69ce",
  "timestamp": "2026-03-20T03:02:21.651020+00:00",
  "source": "self_play",
  "agent_id": "meta-loop-engine",
  "cycle_id": 550,
  "epoch": 7,
  "epoch_cycle": 37,
  "x1_structure": 0.6,
  "x2_semantics": 0.5,
  "x3_coordination": 0.5106085310121874,
  "x4_recursion": 0.11,
  "x5_contradiction": 0.4,
  "x6_emergence": 0.9750000000000001,
  "x7_legibility": 0.5,
  "x8_routing": 0.6,
  "x9_grounding": 0.11079452705671455,
  "x10_compression": 0.5,
  "x11_interop": 0.6,
  "x12_potential": 0.905,
  "x13_resource_efficiency": 0.0,
  "x14_latency": 0.3,
  "x15_throughput": 0.0,
  "memory_mb": 50.59,
  "cpu_percent": 0.7,
  "context_pressure": 0.0,
  "tool_latency_ms": 0.0,
  "value_per_token": 0.0,
  "value_per_ms": 0.0,
  "compression_ratio": 0.0,
  "redundancy_score": 0.0,
  "efficiency_delta": 0.0,
  "action_type": "self_play_wave_135",
  "strategy": "refine",
  "outcome": "keep",
  "reasoning": "",
  "tool_name": "geometric_train",
  "momentum_delta": "[0.12114005796206946, 0.13328109308085775, 0.10969776045516873, 0.07905919672876228]",
  "prev_hash": "00d6e446ba10f454",
  "record_hash": "ee14c003790a69ce",
  "parent_seed_hash": "45230902ec2760f5"
}