{
  "record_id": "3a138bb27316a593",
  "timestamp": "2026-03-20T16:58:18.371701+00:00",
  "source": "self_play",
  "agent_id": "meta-loop-engine",
  "cycle_id": 681,
  "epoch": 10,
  "epoch_cycle": 54,
  "x1_structure": 0.6,
  "x2_semantics": 0.5,
  "x3_coordination": 0.4882583004561415,
  "x4_recursion": 0.05,
  "x5_contradiction": 0.4,
  "x6_emergence": 0.6,
  "x7_legibility": 0.5,
  "x8_routing": 0.6,
  "x9_grounding": 0.13701193059706318,
  "x10_compression": 0.5,
  "x11_interop": 0.6,
  "x12_potential": 0.6799999999999999,
  "x13_resource_efficiency": 0.0,
  "x14_latency": 0.3,
  "x15_throughput": 0.0,
  "memory_mb": 145.49,
  "cpu_percent": 0.1,
  "context_pressure": 0.0,
  "tool_latency_ms": 0.0,
  "value_per_token": 0.0,
  "value_per_ms": 0.0,
  "compression_ratio": 0.0,
  "redundancy_score": 0.0,
  "efficiency_delta": 0.0,
  "action_type": "self_play_wave_60",
  "strategy": "exploit",
  "outcome": "keep",
  "reasoning": "",
  "tool_name": "geometric_train",
  "momentum_delta": "[0.1334948105884941, 0.13236456308468558, 0.10603681524677333, 0.17615153346829962]",
  "prev_hash": "60d03ec21c0891be",
  "record_hash": "3a138bb27316a593",
  "parent_seed_hash": "eb6e062bb7fd7df5"
}