{
  "record_id": "708164c23c38a14a",
  "timestamp": "2026-03-20T05:19:13.873480+00:00",
  "source": "self_play",
  "agent_id": "meta-loop-engine",
  "cycle_id": 618,
  "epoch": 8,
  "epoch_cycle": 48,
  "x1_structure": 0.6,
  "x2_semantics": 0.5,
  "x3_coordination": 0.5031347504608574,
  "x4_recursion": 0.16,
  "x5_contradiction": 0.4,
  "x6_emergence": 1.3150000000000002,
  "x7_legibility": 0.5,
  "x8_routing": 0.6,
  "x9_grounding": 0.11692725585238051,
  "x10_compression": 0.5,
  "x11_interop": 0.6,
  "x12_potential": 1.109,
  "x13_resource_efficiency": 0.0,
  "x14_latency": 0.3,
  "x15_throughput": 0.0,
  "memory_mb": 50.89,
  "cpu_percent": 0.5,
  "context_pressure": 0.0,
  "tool_latency_ms": 0.0,
  "value_per_token": 0.0,
  "value_per_ms": 0.0,
  "compression_ratio": 0.0,
  "redundancy_score": 0.0,
  "efficiency_delta": 0.0,
  "action_type": "self_play_wave_203",
  "strategy": "final",
  "outcome": "keep",
  "reasoning": "",
  "tool_name": "geometric_train",
  "momentum_delta": "[0.09666684928753379, 0.08642433664802436, 0.14452142680504457, 0.14009641066891923]",
  "prev_hash": "3012fff5dca2b6ef",
  "record_hash": "708164c23c38a14a",
  "parent_seed_hash": "6ec6ed41439efb28"
}