{
  "record_id": "ea6c0f3863154a7c",
  "timestamp": "2026-03-20T04:55:05.104194+00:00",
  "source": "self_play",
  "agent_id": "meta-loop-engine",
  "cycle_id": 606,
  "epoch": 8,
  "epoch_cycle": 36,
  "x1_structure": 0.6,
  "x2_semantics": 0.5,
  "x3_coordination": 0.5797412817927613,
  "x4_recursion": 0.15,
  "x5_contradiction": 0.4,
  "x6_emergence": 1.2550000000000001,
  "x7_legibility": 0.5,
  "x8_routing": 0.6,
  "x9_grounding": 0.12322594276329002,
  "x10_compression": 0.5,
  "x11_interop": 0.6,
  "x12_potential": 1.073,
  "x13_resource_efficiency": 0.0,
  "x14_latency": 0.3,
  "x15_throughput": 0.0,
  "memory_mb": 52.31,
  "cpu_percent": 0.5,
  "context_pressure": 0.0,
  "tool_latency_ms": 0.0,
  "value_per_token": 0.0,
  "value_per_ms": 0.0,
  "compression_ratio": 0.0,
  "redundancy_score": 0.0,
  "efficiency_delta": 0.0,
  "action_type": "self_play_wave_191",
  "strategy": "final",
  "outcome": "keep",
  "reasoning": "",
  "tool_name": "geometric_train",
  "momentum_delta": "[0.1458111603464363, 0.12026437436409028, 0.13280385275177606, 0.09402438359085745]",
  "prev_hash": "62c63e796bfd24aa",
  "record_hash": "ea6c0f3863154a7c",
  "parent_seed_hash": "6ec6ed41439efb28"
}