{
  "record_id": "0923df1144cc467f",
  "timestamp": "2026-03-20T17:24:20.421332+00:00",
  "source": "self_play",
  "agent_id": "meta-loop-engine",
  "cycle_id": 699,
  "epoch": 10,
  "epoch_cycle": 15,
  "x1_structure": 0.6,
  "x2_semantics": 0.5,
  "x3_coordination": 0.0,
  "x4_recursion": 0.06,
  "x5_contradiction": 0.4,
  "x6_emergence": 0.7050000000000001,
  "x7_legibility": 0.5,
  "x8_routing": 0.6,
  "x9_grounding": 0.0770281599491176,
  "x10_compression": 0.5,
  "x11_interop": 0.6,
  "x12_potential": 0.743,
  "x13_resource_efficiency": 0.0,
  "x14_latency": 0.3,
  "x15_throughput": 0.0,
  "memory_mb": 220.68,
  "cpu_percent": 0.1,
  "context_pressure": 0.0,
  "tool_latency_ms": 0.0,
  "value_per_token": 0.0,
  "value_per_ms": 0.0,
  "compression_ratio": 0.0,
  "redundancy_score": 0.0,
  "efficiency_delta": -2.5373388469175995e-05,
  "action_type": "self_play_wave_81",
  "strategy": "refine",
  "outcome": "keep",
  "reasoning": "",
  "tool_name": "geometric_train",
  "momentum_delta": "[0.1176527296824995, 0.08289164459163685, 0.06793820295794255, 0.039630062564391715]",
  "prev_hash": "2537c7d98c08e5da",
  "record_hash": "0923df1144cc467f",
  "parent_seed_hash": "bfafa1ae1f2a0bff"
}