{
  "record_id": "88185fbd922bf796",
  "timestamp": "2026-03-20T16:40:17.022463+00:00",
  "source": "self_play",
  "agent_id": "meta-loop-engine",
  "cycle_id": 677,
  "epoch": 10,
  "epoch_cycle": 50,
  "x1_structure": 0.6,
  "x2_semantics": 0.5,
  "x3_coordination": 0.5358407924641869,
  "x4_recursion": 0.04,
  "x5_contradiction": 0.4,
  "x6_emergence": 0.595,
  "x7_legibility": 0.5,
  "x8_routing": 0.6,
  "x9_grounding": 0.13505597206373843,
  "x10_compression": 0.5,
  "x11_interop": 0.6,
  "x12_potential": 0.677,
  "x13_resource_efficiency": 0.0,
  "x14_latency": 0.3,
  "x15_throughput": 0.0,
  "memory_mb": 220.37,
  "cpu_percent": 0.1,
  "context_pressure": 0.0,
  "tool_latency_ms": 0.0,
  "value_per_token": 0.0,
  "value_per_ms": 0.0,
  "compression_ratio": 0.0,
  "redundancy_score": 0.0,
  "efficiency_delta": -3.467696424120719e-05,
  "action_type": "self_play_wave_59",
  "strategy": "exploit",
  "outcome": "keep",
  "reasoning": "",
  "tool_name": "geometric_train",
  "momentum_delta": "[0.1403570093166974, 0.16503951349571744, 0.1023520405296337, 0.13247532491290512]",
  "prev_hash": "d24ecfb0f28e4987",
  "record_hash": "88185fbd922bf796",
  "parent_seed_hash": "bfafa1ae1f2a0bff"
}