{
  "record_id": "17539dc10c73750d",
  "timestamp": "2026-03-20T03:08:41.656277+00:00",
  "source": "self_play",
  "agent_id": "meta-loop-engine",
  "cycle_id": 589,
  "epoch": 7,
  "epoch_cycle": 19,
  "x1_structure": 0.6,
  "x2_semantics": 0.5,
  "x3_coordination": 0.7031018066538707,
  "x4_recursion": 0.13,
  "x5_contradiction": 0.4,
  "x6_emergence": 1.095,
  "x7_legibility": 0.5,
  "x8_routing": 0.6,
  "x9_grounding": 0.1368644976042529,
  "x10_compression": 0.5,
  "x11_interop": 0.6,
  "x12_potential": 0.9770000000000001,
  "x13_resource_efficiency": 0.0,
  "x14_latency": 0.3,
  "x15_throughput": 0.0,
  "memory_mb": 52.67,
  "cpu_percent": 0.9,
  "context_pressure": 0.0,
  "tool_latency_ms": 0.0,
  "value_per_token": 0.0,
  "value_per_ms": 0.0,
  "compression_ratio": 0.0,
  "redundancy_score": 0.0,
  "efficiency_delta": 0.0,
  "action_type": "self_play_wave_159",
  "strategy": "final",
  "outcome": "keep",
  "reasoning": "",
  "tool_name": "geometric_train",
  "momentum_delta": "[0.15237308155975646, 0.15493164248065935, 0.1258564459678648, 0.11429682040873101]",
  "prev_hash": "55a95fe67e99a767",
  "record_hash": "17539dc10c73750d",
  "parent_seed_hash": "e7c145e051f79d9c"
}