{
  "record_id": "4ca88dc4851fc1bb",
  "timestamp": "2026-03-20T03:50:40.809865+00:00",
  "source": "self_play",
  "agent_id": "meta-loop-engine",
  "cycle_id": 574,
  "epoch": 7,
  "epoch_cycle": 4,
  "x1_structure": 0.6,
  "x2_semantics": 0.5,
  "x3_coordination": 0.5864926663962713,
  "x4_recursion": 0.13,
  "x5_contradiction": 0.4,
  "x6_emergence": 1.095,
  "x7_legibility": 0.5,
  "x8_routing": 0.6,
  "x9_grounding": 0.12294714053487987,
  "x10_compression": 0.5,
  "x11_interop": 0.6,
  "x12_potential": 0.9770000000000001,
  "x13_resource_efficiency": 0.0,
  "x14_latency": 0.3,
  "x15_throughput": 0.0,
  "memory_mb": 122.44,
  "cpu_percent": 0.5,
  "context_pressure": 0.0,
  "tool_latency_ms": 0.0,
  "value_per_token": 0.0,
  "value_per_ms": 0.0,
  "compression_ratio": 0.0,
  "redundancy_score": 0.0,
  "efficiency_delta": 0.0,
  "action_type": "self_play_wave_159",
  "strategy": "final",
  "outcome": "keep",
  "reasoning": "",
  "tool_name": "geometric_train",
  "momentum_delta": "[0.1206355018349754, 0.14215825431884788, 0.09131871006206678, 0.13767609592362937]",
  "prev_hash": "49af9ca56fd786e8",
  "record_hash": "4ca88dc4851fc1bb",
  "parent_seed_hash": "45230902ec2760f5"
}