{
  "record_id": "f2b3af01435f6497",
  "timestamp": "2026-03-20T05:15:12.469333+00:00",
  "source": "self_play",
  "agent_id": "meta-loop-engine",
  "cycle_id": 616,
  "epoch": 8,
  "epoch_cycle": 46,
  "x1_structure": 0.6,
  "x2_semantics": 0.5,
  "x3_coordination": 0.5037268861310852,
  "x4_recursion": 0.16,
  "x5_contradiction": 0.4,
  "x6_emergence": 1.3050000000000002,
  "x7_legibility": 0.5,
  "x8_routing": 0.6,
  "x9_grounding": 0.1234408036469824,
  "x10_compression": 0.5,
  "x11_interop": 0.6,
  "x12_potential": 1.103,
  "x13_resource_efficiency": 0.0,
  "x14_latency": 0.3,
  "x15_throughput": 0.0,
  "memory_mb": 51.22,
  "cpu_percent": 0.6,
  "context_pressure": 0.0,
  "tool_latency_ms": 0.0,
  "value_per_token": 0.0,
  "value_per_ms": 0.0,
  "compression_ratio": 0.0,
  "redundancy_score": 0.0,
  "efficiency_delta": 0.0,
  "action_type": "self_play_wave_201",
  "strategy": "final",
  "outcome": "keep",
  "reasoning": "",
  "tool_name": "geometric_train",
  "momentum_delta": "[0.09160062907077011, 0.13918944135022837, 0.15286098107513937, 0.11011216309179168]",
  "prev_hash": "28a47fc31958d73c",
  "record_hash": "f2b3af01435f6497",
  "parent_seed_hash": "6ec6ed41439efb28"
}