{
  "record_id": "a47eaaf9d0bbec27",
  "timestamp": "2026-03-20T04:10:48.207221+00:00",
  "source": "self_play",
  "agent_id": "meta-loop-engine",
  "cycle_id": 584,
  "epoch": 7,
  "epoch_cycle": 14,
  "x1_structure": 0.6,
  "x2_semantics": 0.5,
  "x3_coordination": 0.5060666621464786,
  "x4_recursion": 0.14,
  "x5_contradiction": 0.4,
  "x6_emergence": 1.145,
  "x7_legibility": 0.5,
  "x8_routing": 0.6,
  "x9_grounding": 0.10617650198088491,
  "x10_compression": 0.5,
  "x11_interop": 0.6,
  "x12_potential": 1.0070000000000001,
  "x13_resource_efficiency": 0.0,
  "x14_latency": 0.3,
  "x15_throughput": 0.0,
  "memory_mb": 50.73,
  "cpu_percent": 0.6,
  "context_pressure": 0.0,
  "tool_latency_ms": 0.0,
  "value_per_token": 0.0,
  "value_per_ms": 0.0,
  "compression_ratio": 0.0,
  "redundancy_score": 0.0,
  "efficiency_delta": 0.0,
  "action_type": "self_play_wave_169",
  "strategy": "final",
  "outcome": "keep",
  "reasoning": "",
  "tool_name": "geometric_train",
  "momentum_delta": "[0.08107636173553068, 0.09458906751826883, 0.11552010290917987, 0.13352047576056017]",
  "prev_hash": "e782594d680ad962",
  "record_hash": "a47eaaf9d0bbec27",
  "parent_seed_hash": "45230902ec2760f5"
}