{
  "record_id": "68890c85e41019d3",
  "timestamp": "2026-03-20T04:45:01.431819+00:00",
  "source": "self_play",
  "agent_id": "meta-loop-engine",
  "cycle_id": 601,
  "epoch": 8,
  "epoch_cycle": 31,
  "x1_structure": 0.6,
  "x2_semantics": 0.5,
  "x3_coordination": 0.5124452493440396,
  "x4_recursion": 0.15,
  "x5_contradiction": 0.4,
  "x6_emergence": 1.23,
  "x7_legibility": 0.5,
  "x8_routing": 0.6,
  "x9_grounding": 0.12041496959697107,
  "x10_compression": 0.5,
  "x11_interop": 0.6,
  "x12_potential": 1.058,
  "x13_resource_efficiency": 0.0,
  "x14_latency": 0.3,
  "x15_throughput": 0.0,
  "memory_mb": 51.66,
  "cpu_percent": 0.7,
  "context_pressure": 0.0,
  "tool_latency_ms": 0.0,
  "value_per_token": 0.0,
  "value_per_ms": 0.0,
  "compression_ratio": 0.0,
  "redundancy_score": 0.0,
  "efficiency_delta": 0.0,
  "action_type": "self_play_wave_186",
  "strategy": "final",
  "outcome": "keep",
  "reasoning": "",
  "tool_name": "geometric_train",
  "momentum_delta": "[0.08971204561336055, 0.12797231741242196, 0.11555457927164497, 0.14842093609045684]",
  "prev_hash": "ba529a89105a4dc2",
  "record_hash": "68890c85e41019d3",
  "parent_seed_hash": "6ec6ed41439efb28"
}