{
  "record_id": "e286530606f4a0b0",
  "timestamp": "2026-03-20T02:50:16.338964+00:00",
  "source": "self_play",
  "agent_id": "meta-loop-engine",
  "cycle_id": 544,
  "epoch": 7,
  "epoch_cycle": 31,
  "x1_structure": 0.6,
  "x2_semantics": 0.5,
  "x3_coordination": 0.45508548137525284,
  "x4_recursion": 0.1,
  "x5_contradiction": 0.4,
  "x6_emergence": 0.9450000000000001,
  "x7_legibility": 0.5,
  "x8_routing": 0.6,
  "x9_grounding": 0.12293657745295872,
  "x10_compression": 0.5,
  "x11_interop": 0.6,
  "x12_potential": 0.887,
  "x13_resource_efficiency": 0.0,
  "x14_latency": 0.3,
  "x15_throughput": 0.0,
  "memory_mb": 50.95,
  "cpu_percent": 0.6,
  "context_pressure": 0.0,
  "tool_latency_ms": 0.0,
  "value_per_token": 0.0,
  "value_per_ms": 0.0,
  "compression_ratio": 0.0,
  "redundancy_score": 0.0,
  "efficiency_delta": 0.0,
  "action_type": "self_play_wave_129",
  "strategy": "refine",
  "outcome": "keep",
  "reasoning": "",
  "tool_name": "geometric_train",
  "momentum_delta": "[0.09076276654117121, 0.09192258563372359, 0.151308265171616, 0.15775269246532417]",
  "prev_hash": "a1762a626762a635",
  "record_hash": "e286530606f4a0b0",
  "parent_seed_hash": "45230902ec2760f5"
}