{
  "record_id": "e205688776d83479",
  "timestamp": "2026-03-20T03:06:24.336089+00:00",
  "source": "self_play",
  "agent_id": "meta-loop-engine",
  "cycle_id": 552,
  "epoch": 7,
  "epoch_cycle": 39,
  "x1_structure": 0.6,
  "x2_semantics": 0.5,
  "x3_coordination": 0.0,
  "x4_recursion": 0.11,
  "x5_contradiction": 0.4,
  "x6_emergence": 0.9850000000000001,
  "x7_legibility": 0.5,
  "x8_routing": 0.6,
  "x9_grounding": 0.11501649266017899,
  "x10_compression": 0.5,
  "x11_interop": 0.6,
  "x12_potential": 0.911,
  "x13_resource_efficiency": 0.0,
  "x14_latency": 0.3,
  "x15_throughput": 0.0,
  "memory_mb": 50.45,
  "cpu_percent": 1.0,
  "context_pressure": 0.0,
  "tool_latency_ms": 0.0,
  "value_per_token": 0.0,
  "value_per_ms": 0.0,
  "compression_ratio": 0.0,
  "redundancy_score": 0.0,
  "efficiency_delta": 0.0,
  "action_type": "self_play_wave_137",
  "strategy": "refine",
  "outcome": "keep",
  "reasoning": "",
  "tool_name": "geometric_train",
  "momentum_delta": "[0.17721120585315986, 0.10713541093809308, 0.1148080635139025, 0.06091129033556045]",
  "prev_hash": "cd2101276128c0bf",
  "record_hash": "e205688776d83479",
  "parent_seed_hash": "45230902ec2760f5"
}