{
  "record_id": "3d42e047c385c7a3",
  "timestamp": "2026-03-20T03:34:35.105415+00:00",
  "source": "self_play",
  "agent_id": "meta-loop-engine",
  "cycle_id": 566,
  "epoch": 7,
  "epoch_cycle": 53,
  "x1_structure": 0.6,
  "x2_semantics": 0.5,
  "x3_coordination": 0.04747882038200013,
  "x4_recursion": 0.12,
  "x5_contradiction": 0.4,
  "x6_emergence": 1.055,
  "x7_legibility": 0.5,
  "x8_routing": 0.6,
  "x9_grounding": 0.12468427943424076,
  "x10_compression": 0.5,
  "x11_interop": 0.6,
  "x12_potential": 0.9530000000000001,
  "x13_resource_efficiency": 0.0,
  "x14_latency": 0.3,
  "x15_throughput": 0.0,
  "memory_mb": 121.78,
  "cpu_percent": 0.6,
  "context_pressure": 0.0,
  "tool_latency_ms": 0.0,
  "value_per_token": 0.0,
  "value_per_ms": 0.0,
  "compression_ratio": 0.0,
  "redundancy_score": 0.0,
  "efficiency_delta": 0.0,
  "action_type": "self_play_wave_151",
  "strategy": "refine",
  "outcome": "keep",
  "reasoning": "",
  "tool_name": "geometric_train",
  "momentum_delta": "[0.05696553387905936, 0.17572995080558265, 0.1287842072811309, 0.13725742577118993]",
  "prev_hash": "b7c7fa0c853683ee",
  "record_hash": "3d42e047c385c7a3",
  "parent_seed_hash": "45230902ec2760f5"
}