{
  "record_id": "99013a2691765e17",
  "timestamp": "2026-03-20T03:38:36.494428+00:00",
  "source": "self_play",
  "agent_id": "meta-loop-engine",
  "cycle_id": 568,
  "epoch": 7,
  "epoch_cycle": 55,
  "x1_structure": 0.6,
  "x2_semantics": 0.5,
  "x3_coordination": 0.5948865661526698,
  "x4_recursion": 0.12,
  "x5_contradiction": 0.4,
  "x6_emergence": 1.065,
  "x7_legibility": 0.5,
  "x8_routing": 0.6,
  "x9_grounding": 0.11958733696487744,
  "x10_compression": 0.5,
  "x11_interop": 0.6,
  "x12_potential": 0.9590000000000001,
  "x13_resource_efficiency": 0.0,
  "x14_latency": 0.3,
  "x15_throughput": 0.0,
  "memory_mb": 121.66,
  "cpu_percent": 0.6,
  "context_pressure": 0.0,
  "tool_latency_ms": 0.0,
  "value_per_token": 0.0,
  "value_per_ms": 0.0,
  "compression_ratio": 0.0,
  "redundancy_score": 0.0,
  "efficiency_delta": 0.0,
  "action_type": "self_play_wave_153",
  "strategy": "refine",
  "outcome": "keep",
  "reasoning": "",
  "tool_name": "geometric_train",
  "momentum_delta": "[0.09148911461256537, 0.1399355513350646, 0.1374915770859295, 0.1094331048259501]",
  "prev_hash": "a10a793217cbfa32",
  "record_hash": "99013a2691765e17",
  "parent_seed_hash": "45230902ec2760f5"
}