{
  "record_id": "0e86a4a587539fca",
  "timestamp": "2026-03-20T17:12:19.530146+00:00",
  "source": "self_play",
  "agent_id": "meta-loop-engine",
  "cycle_id": 688,
  "epoch": 10,
  "epoch_cycle": 4,
  "x1_structure": 0.6,
  "x2_semantics": 0.5,
  "x3_coordination": 0.7619985834703614,
  "x4_recursion": 0.05,
  "x5_contradiction": 0.4,
  "x6_emergence": 0.635,
  "x7_legibility": 0.5,
  "x8_routing": 0.6,
  "x9_grounding": 0.15738302916315539,
  "x10_compression": 0.5,
  "x11_interop": 0.6,
  "x12_potential": 0.7010000000000001,
  "x13_resource_efficiency": 0.0,
  "x14_latency": 0.3,
  "x15_throughput": 0.0,
  "memory_mb": 145.49,
  "cpu_percent": 0.1,
  "context_pressure": 0.0,
  "tool_latency_ms": 0.0,
  "value_per_token": 0.0,
  "value_per_ms": 0.0,
  "compression_ratio": 0.0,
  "redundancy_score": 0.0,
  "efficiency_delta": 0.0,
  "action_type": "self_play_wave_67",
  "strategy": "exploit",
  "outcome": "keep",
  "reasoning": "",
  "tool_name": "geometric_train",
  "momentum_delta": "[0.13459960941258345, 0.1649224420626646, 0.17205699329113985, 0.15795307188623361]",
  "prev_hash": "fe043253cdd51694",
  "record_hash": "0e86a4a587539fca",
  "parent_seed_hash": "eb6e062bb7fd7df5"
}