{
  "record_id": "8528a678b1dd81e1",
  "timestamp": "2026-03-20T05:11:28.742111+00:00",
  "source": "self_play",
  "agent_id": "meta-loop-engine",
  "cycle_id": 650,
  "epoch": 8,
  "epoch_cycle": 23,
  "x1_structure": 0.6,
  "x2_semantics": 0.5,
  "x3_coordination": 0.7191147174240106,
  "x4_recursion": 0.18,
  "x5_contradiction": 0.4,
  "x6_emergence": 1.4000000000000001,
  "x7_legibility": 0.5,
  "x8_routing": 0.6,
  "x9_grounding": 0.13061618243076967,
  "x10_compression": 0.5,
  "x11_interop": 0.6,
  "x12_potential": 1.1600000000000001,
  "x13_resource_efficiency": 0.0,
  "x14_latency": 0.3,
  "x15_throughput": 0.0,
  "memory_mb": 52.88,
  "cpu_percent": 0.7,
  "context_pressure": 0.0,
  "tool_latency_ms": 0.0,
  "value_per_token": 0.0,
  "value_per_ms": 0.0,
  "compression_ratio": 0.0,
  "redundancy_score": 0.0,
  "efficiency_delta": 0.0,
  "action_type": "self_play_wave_220",
  "strategy": "final",
  "outcome": "keep",
  "reasoning": "",
  "tool_name": "geometric_train",
  "momentum_delta": "[0.1328993469418472, 0.11840349295021309, 0.15392502657104112, 0.1172368632599774]",
  "prev_hash": "1f6b1bc27c771080",
  "record_hash": "8528a678b1dd81e1",
  "parent_seed_hash": "626144a30fa362f5"
}