{
  "record_id": "8f0454ab30d55b2b",
  "timestamp": "2026-03-20T02:54:18.154780+00:00",
  "source": "self_play",
  "agent_id": "meta-loop-engine",
  "cycle_id": 546,
  "epoch": 7,
  "epoch_cycle": 33,
  "x1_structure": 0.6,
  "x2_semantics": 0.5,
  "x3_coordination": 0.1291107041613745,
  "x4_recursion": 0.1,
  "x5_contradiction": 0.4,
  "x6_emergence": 0.9550000000000001,
  "x7_legibility": 0.5,
  "x8_routing": 0.6,
  "x9_grounding": 0.12853667778969124,
  "x10_compression": 0.5,
  "x11_interop": 0.6,
  "x12_potential": 0.893,
  "x13_resource_efficiency": 0.0,
  "x14_latency": 0.3,
  "x15_throughput": 0.0,
  "memory_mb": 51.07,
  "cpu_percent": 0.6,
  "context_pressure": 0.0,
  "tool_latency_ms": 0.0,
  "value_per_token": 0.0,
  "value_per_ms": 0.0,
  "compression_ratio": 0.0,
  "redundancy_score": 0.0,
  "efficiency_delta": 0.0,
  "action_type": "self_play_wave_131",
  "strategy": "refine",
  "outcome": "keep",
  "reasoning": "",
  "tool_name": "geometric_train",
  "momentum_delta": "[0.15557162020950535, 0.16850216416069896, 0.13351197943756238, 0.056560947350998425]",
  "prev_hash": "b6e3b852f40a29fe",
  "record_hash": "8f0454ab30d55b2b",
  "parent_seed_hash": "45230902ec2760f5"
}