{
  "record_id": "1eb21a35cfbb67f3",
  "timestamp": "2026-03-20T03:46:39.446433+00:00",
  "source": "self_play",
  "agent_id": "meta-loop-engine",
  "cycle_id": 572,
  "epoch": 7,
  "epoch_cycle": 2,
  "x1_structure": 0.6,
  "x2_semantics": 0.5,
  "x3_coordination": 0.7546172918103337,
  "x4_recursion": 0.13,
  "x5_contradiction": 0.4,
  "x6_emergence": 1.085,
  "x7_legibility": 0.5,
  "x8_routing": 0.6,
  "x9_grounding": 0.13983453563910253,
  "x10_compression": 0.5,
  "x11_interop": 0.6,
  "x12_potential": 0.9710000000000001,
  "x13_resource_efficiency": 0.0,
  "x14_latency": 0.3,
  "x15_throughput": 0.0,
  "memory_mb": 122.52,
  "cpu_percent": 0.6,
  "context_pressure": 0.0,
  "tool_latency_ms": 0.0,
  "value_per_token": 0.0,
  "value_per_ms": 0.0,
  "compression_ratio": 0.0,
  "redundancy_score": 0.0,
  "efficiency_delta": 0.0,
  "action_type": "self_play_wave_157",
  "strategy": "refine",
  "outcome": "keep",
  "reasoning": "",
  "tool_name": "geometric_train",
  "momentum_delta": "[0.1261124033469665, 0.13894093977722488, 0.1604253804005339, 0.13385941903168483]",
  "prev_hash": "8908f34641afaafb",
  "record_hash": "1eb21a35cfbb67f3",
  "parent_seed_hash": "45230902ec2760f5"
}