{
  "record_id": "a8fcb436964a8346",
  "timestamp": "2026-03-20T17:02:26.314547+00:00",
  "source": "self_play",
  "agent_id": "meta-loop-engine",
  "cycle_id": 684,
  "epoch": 9,
  "epoch_cycle": 0,
  "x1_structure": 0.6,
  "x2_semantics": 0.5,
  "x3_coordination": 0.4657162098821418,
  "x4_recursion": 0.02,
  "x5_contradiction": 0.4,
  "x6_emergence": 0.44499999999999995,
  "x7_legibility": 0.5,
  "x8_routing": 0.6,
  "x9_grounding": 0.13824559466332664,
  "x10_compression": 0.5,
  "x11_interop": 0.6,
  "x12_potential": 0.587,
  "x13_resource_efficiency": 0.0,
  "x14_latency": 0.3,
  "x15_throughput": 0.0,
  "memory_mb": 145.56,
  "cpu_percent": 0.2,
  "context_pressure": 0.0,
  "tool_latency_ms": 0.0,
  "value_per_token": 0.0,
  "value_per_ms": 0.0,
  "compression_ratio": 0.0,
  "redundancy_score": 0.0,
  "efficiency_delta": 0.0,
  "action_type": "self_play_wave_29",
  "strategy": "exploit",
  "outcome": "keep",
  "reasoning": "",
  "tool_name": "geometric_train",
  "momentum_delta": "[0.1795328213005872, 0.1342691725375638, 0.13350994379838785, 0.10567044101676788]",
  "prev_hash": "f38c32d0a1e2ffc0",
  "record_hash": "a8fcb436964a8346",
  "parent_seed_hash": "ddf569c5ee2f333c"
}