{
  "record_id": "796492fea79535b1",
  "timestamp": "2026-03-20T03:20:29.819038+00:00",
  "source": "self_play",
  "agent_id": "meta-loop-engine",
  "cycle_id": 559,
  "epoch": 7,
  "epoch_cycle": 46,
  "x1_structure": 0.6,
  "x2_semantics": 0.5,
  "x3_coordination": 0.60320651978348,
  "x4_recursion": 0.12,
  "x5_contradiction": 0.4,
  "x6_emergence": 1.02,
  "x7_legibility": 0.5,
  "x8_routing": 0.6,
  "x9_grounding": 0.13911773374728598,
  "x10_compression": 0.5,
  "x11_interop": 0.6,
  "x12_potential": 0.9319999999999999,
  "x13_resource_efficiency": 0.0,
  "x14_latency": 0.3,
  "x15_throughput": 0.0,
  "memory_mb": 51.55,
  "cpu_percent": 0.6,
  "context_pressure": 0.0,
  "tool_latency_ms": 0.0,
  "value_per_token": 0.0,
  "value_per_ms": 0.0,
  "compression_ratio": 0.0,
  "redundancy_score": 0.0,
  "efficiency_delta": 0.0,
  "action_type": "self_play_wave_144",
  "strategy": "refine",
  "outcome": "keep",
  "reasoning": "",
  "tool_name": "geometric_train",
  "momentum_delta": "[0.13000614082880563, 0.17711599362692806, 0.12743381663990272, 0.12191498389350729]",
  "prev_hash": "24c8ebf74097d589",
  "record_hash": "796492fea79535b1",
  "parent_seed_hash": "45230902ec2760f5"
}