{
  "record_id": "a4ac3d6c2461f38b",
  "timestamp": "2026-03-20T05:53:26.458916+00:00",
  "source": "self_play",
  "agent_id": "meta-loop-engine",
  "cycle_id": 635,
  "epoch": 8,
  "epoch_cycle": 8,
  "x1_structure": 0.6,
  "x2_semantics": 0.5,
  "x3_coordination": 0.6095137536524771,
  "x4_recursion": 0.18,
  "x5_contradiction": 0.4,
  "x6_emergence": 1.4000000000000001,
  "x7_legibility": 0.5,
  "x8_routing": 0.6,
  "x9_grounding": 0.13013649459455257,
  "x10_compression": 0.5,
  "x11_interop": 0.6,
  "x12_potential": 1.1600000000000001,
  "x13_resource_efficiency": 0.0,
  "x14_latency": 0.3,
  "x15_throughput": 0.0,
  "memory_mb": 121.8,
  "cpu_percent": 0.6,
  "context_pressure": 0.0,
  "tool_latency_ms": 0.0,
  "value_per_token": 0.0,
  "value_per_ms": 0.0,
  "compression_ratio": 0.0,
  "redundancy_score": 0.0,
  "efficiency_delta": 0.0,
  "action_type": "self_play_wave_220",
  "strategy": "final",
  "outcome": "keep",
  "reasoning": "",
  "tool_name": "geometric_train",
  "momentum_delta": "[0.15540764369338053, 0.1228317633637459, 0.104591132406329, 0.13771543891475468]",
  "prev_hash": "04d1698288d5ce13",
  "record_hash": "a4ac3d6c2461f38b",
  "parent_seed_hash": "6ec6ed41439efb28"
}