{
  "record_id": "d095a9dd1e610270",
  "timestamp": "2026-03-20T17:22:20.174676+00:00",
  "source": "self_play",
  "agent_id": "meta-loop-engine",
  "cycle_id": 693,
  "epoch": 10,
  "epoch_cycle": 9,
  "x1_structure": 0.6,
  "x2_semantics": 0.5,
  "x3_coordination": 0.4312479797731714,
  "x4_recursion": 0.06,
  "x5_contradiction": 0.4,
  "x6_emergence": 0.6599999999999999,
  "x7_legibility": 0.5,
  "x8_routing": 0.6,
  "x9_grounding": 0.11572386498894205,
  "x10_compression": 0.5,
  "x11_interop": 0.6,
  "x12_potential": 0.716,
  "x13_resource_efficiency": 0.0,
  "x14_latency": 0.3,
  "x15_throughput": 0.0,
  "memory_mb": 145.49,
  "cpu_percent": 0.1,
  "context_pressure": 0.0,
  "tool_latency_ms": 0.0,
  "value_per_token": 0.0,
  "value_per_ms": 0.0,
  "compression_ratio": 0.0,
  "redundancy_score": 0.0,
  "efficiency_delta": 0.0,
  "action_type": "self_play_wave_72",
  "strategy": "exploit",
  "outcome": "keep",
  "reasoning": "",
  "tool_name": "geometric_train",
  "momentum_delta": "[0.11070236549612798, 0.08547755295600834, 0.1512957349569259, 0.11541980654670592]",
  "prev_hash": "454be5da7569fcb1",
  "record_hash": "d095a9dd1e610270",
  "parent_seed_hash": "eb6e062bb7fd7df5"
}