{
  "record_id": "d0146b3c422446ac",
  "timestamp": "2026-03-20T02:44:14.114842+00:00",
  "source": "self_play",
  "agent_id": "meta-loop-engine",
  "cycle_id": 541,
  "epoch": 7,
  "epoch_cycle": 28,
  "x1_structure": 0.6,
  "x2_semantics": 0.5,
  "x3_coordination": 0.7247915285421045,
  "x4_recursion": 0.1,
  "x5_contradiction": 0.4,
  "x6_emergence": 0.9299999999999999,
  "x7_legibility": 0.5,
  "x8_routing": 0.6,
  "x9_grounding": 0.13603883495784852,
  "x10_compression": 0.5,
  "x11_interop": 0.6,
  "x12_potential": 0.878,
  "x13_resource_efficiency": 0.0,
  "x14_latency": 0.3,
  "x15_throughput": 0.0,
  "memory_mb": 52.04,
  "cpu_percent": 0.7,
  "context_pressure": 0.0,
  "tool_latency_ms": 0.0,
  "value_per_token": 0.0,
  "value_per_ms": 0.0,
  "compression_ratio": 0.0,
  "redundancy_score": 0.0,
  "efficiency_delta": 0.0,
  "action_type": "self_play_wave_126",
  "strategy": "refine",
  "outcome": "keep",
  "reasoning": "",
  "tool_name": "geometric_train",
  "momentum_delta": "[0.15206686415969406, 0.127781990425869, 0.14967866091379958, 0.11462782433203163]",
  "prev_hash": "663548d7e173f448",
  "record_hash": "d0146b3c422446ac",
  "parent_seed_hash": "45230902ec2760f5"
}