{
  "record_id": "8493815b850db47a",
  "timestamp": "2026-03-20T15:46:38.100300+00:00",
  "source": "self_play",
  "agent_id": "meta-loop-engine",
  "cycle_id": 649,
  "epoch": 9,
  "epoch_cycle": 22,
  "x1_structure": 0.6,
  "x2_semantics": 0.5,
  "x3_coordination": 0.7998231498931989,
  "x4_recursion": 0.02,
  "x5_contradiction": 0.4,
  "x6_emergence": 0.46499999999999997,
  "x7_legibility": 0.5,
  "x8_routing": 0.6,
  "x9_grounding": 0.13527321428045758,
  "x10_compression": 0.5,
  "x11_interop": 0.6,
  "x12_potential": 0.599,
  "x13_resource_efficiency": 0.0,
  "x14_latency": 0.3,
  "x15_throughput": 0.0,
  "memory_mb": 145.64,
  "cpu_percent": 0.1,
  "context_pressure": 0.0,
  "tool_latency_ms": 0.0,
  "value_per_token": 0.0,
  "value_per_ms": 0.0,
  "compression_ratio": 0.0,
  "redundancy_score": 0.0,
  "efficiency_delta": 0.0,
  "action_type": "self_play_wave_33",
  "strategy": "exploit",
  "outcome": "keep",
  "reasoning": "",
  "tool_name": "geometric_train",
  "momentum_delta": "[0.1473098606287826, 0.1374326121314997, 0.1361190896712499, 0.12023129469029825]",
  "prev_hash": "0719fbe550c0f781",
  "record_hash": "8493815b850db47a",
  "parent_seed_hash": "ddf569c5ee2f333c"
}