{
  "record_id": "2e96ada56a5d8595",
  "timestamp": "2026-03-20T03:26:31.996324+00:00",
  "source": "self_play",
  "agent_id": "meta-loop-engine",
  "cycle_id": 562,
  "epoch": 7,
  "epoch_cycle": 49,
  "x1_structure": 0.6,
  "x2_semantics": 0.5,
  "x3_coordination": 0.31069256718264904,
  "x4_recursion": 0.12,
  "x5_contradiction": 0.4,
  "x6_emergence": 1.035,
  "x7_legibility": 0.5,
  "x8_routing": 0.6,
  "x9_grounding": 0.13238338449568543,
  "x10_compression": 0.5,
  "x11_interop": 0.6,
  "x12_potential": 0.9410000000000001,
  "x13_resource_efficiency": 0.0,
  "x14_latency": 0.3,
  "x15_throughput": 0.0,
  "memory_mb": 51.36,
  "cpu_percent": 0.5,
  "context_pressure": 0.0,
  "tool_latency_ms": 0.0,
  "value_per_token": 0.0,
  "value_per_ms": 0.0,
  "compression_ratio": 0.0,
  "redundancy_score": 0.0,
  "efficiency_delta": 0.0,
  "action_type": "self_play_wave_147",
  "strategy": "refine",
  "outcome": "keep",
  "reasoning": "",
  "tool_name": "geometric_train",
  "momentum_delta": "[0.08464616672108394, 0.17589901763547713, 0.10490819228239105, 0.16408016134378944]",
  "prev_hash": "4d40a2eff3cbdfea",
  "record_hash": "2e96ada56a5d8595",
  "parent_seed_hash": "45230902ec2760f5"
}