{
  "record_id": "fba647875f58870b",
  "timestamp": "2026-03-20T05:25:16.115965+00:00",
  "source": "self_play",
  "agent_id": "meta-loop-engine",
  "cycle_id": 621,
  "epoch": 8,
  "epoch_cycle": 51,
  "x1_structure": 0.6,
  "x2_semantics": 0.5,
  "x3_coordination": 0.3302097934054321,
  "x4_recursion": 0.17,
  "x5_contradiction": 0.4,
  "x6_emergence": 1.33,
  "x7_legibility": 0.5,
  "x8_routing": 0.6,
  "x9_grounding": 0.11966304020711771,
  "x10_compression": 0.5,
  "x11_interop": 0.6,
  "x12_potential": 1.1179999999999999,
  "x13_resource_efficiency": 0.0,
  "x14_latency": 0.3,
  "x15_throughput": 0.0,
  "memory_mb": 50.91,
  "cpu_percent": 0.6,
  "context_pressure": 0.0,
  "tool_latency_ms": 0.0,
  "value_per_token": 0.0,
  "value_per_ms": 0.0,
  "compression_ratio": 0.0,
  "redundancy_score": 0.0,
  "efficiency_delta": 0.0,
  "action_type": "self_play_wave_206",
  "strategy": "final",
  "outcome": "keep",
  "reasoning": "",
  "tool_name": "geometric_train",
  "momentum_delta": "[0.07892331244071667, 0.1393996075313526, 0.10125679599362553, 0.15907244486277614]",
  "prev_hash": "404d661b9f530956",
  "record_hash": "fba647875f58870b",
  "parent_seed_hash": "6ec6ed41439efb28"
}