{
  "record_id": "761578a499f4d3c9",
  "timestamp": "2026-03-20T16:50:17.744490+00:00",
  "source": "self_play",
  "agent_id": "meta-loop-engine",
  "cycle_id": 677,
  "epoch": 9,
  "epoch_cycle": 50,
  "x1_structure": 0.6,
  "x2_semantics": 0.5,
  "x3_coordination": 0.7937567176396327,
  "x4_recursion": 0.04,
  "x5_contradiction": 0.4,
  "x6_emergence": 0.5800000000000001,
  "x7_legibility": 0.5,
  "x8_routing": 0.6,
  "x9_grounding": 0.12000718074232741,
  "x10_compression": 0.5,
  "x11_interop": 0.6,
  "x12_potential": 0.668,
  "x13_resource_efficiency": 0.0,
  "x14_latency": 0.3,
  "x15_throughput": 0.0,
  "memory_mb": 145.49,
  "cpu_percent": 0.1,
  "context_pressure": 0.0,
  "tool_latency_ms": 0.0,
  "value_per_token": 0.0,
  "value_per_ms": 0.0,
  "compression_ratio": 0.0,
  "redundancy_score": 0.0,
  "efficiency_delta": 0.0,
  "action_type": "self_play_wave_56",
  "strategy": "exploit",
  "outcome": "keep",
  "reasoning": "",
  "tool_name": "geometric_train",
  "momentum_delta": "[0.10775156258251045, 0.13250223744562192, 0.11587299197224189, 0.12390193096893558]",
  "prev_hash": "7d6b3d1130bd6f48",
  "record_hash": "761578a499f4d3c9",
  "parent_seed_hash": "ddf569c5ee2f333c"
}