{
  "record_id": "663548d7e173f448",
  "timestamp": "2026-03-20T02:42:13.342847+00:00",
  "source": "self_play",
  "agent_id": "meta-loop-engine",
  "cycle_id": 540,
  "epoch": 7,
  "epoch_cycle": 27,
  "x1_structure": 0.6,
  "x2_semantics": 0.5,
  "x3_coordination": 0.333427075836208,
  "x4_recursion": 0.1,
  "x5_contradiction": 0.4,
  "x6_emergence": 0.925,
  "x7_legibility": 0.5,
  "x8_routing": 0.6,
  "x9_grounding": 0.10901048574705496,
  "x10_compression": 0.5,
  "x11_interop": 0.6,
  "x12_potential": 0.875,
  "x13_resource_efficiency": 0.0,
  "x14_latency": 0.3,
  "x15_throughput": 0.0,
  "memory_mb": 52.01,
  "cpu_percent": 0.7,
  "context_pressure": 0.0,
  "tool_latency_ms": 0.0,
  "value_per_token": 0.0,
  "value_per_ms": 0.0,
  "compression_ratio": 0.0,
  "redundancy_score": 0.0,
  "efficiency_delta": 0.0,
  "action_type": "self_play_wave_125",
  "strategy": "refine",
  "outcome": "keep",
  "reasoning": "",
  "tool_name": "geometric_train",
  "momentum_delta": "[0.12907330809723042, 0.0564098698483006, 0.12852407812354233, 0.12203468691914669]",
  "prev_hash": "57b02db1dc48de43",
  "record_hash": "663548d7e173f448",
  "parent_seed_hash": "45230902ec2760f5"
}