{
  "_crystal": {
    "address": "Xi108:W1:A3:S15:u114:Su:S:d1",
    "shell": 15,
    "wreath": 1,
    "archetype": 3,
    "face": "S",
    "node_id": 114,
    "depth": 1,
    "phase": "Cardinal",
    "metro_stops": [
      "Me"
    ],
    "bridges": [
      "Xi108:W1:A3:S14",
      "Xi108:W1:A3:S16",
      "Xi108:W2:A3:S15",
      "Xi108:W1:A2:S15",
      "Xi108:W1:A4:S15"
    ],
    "regenerate": "shell 15±1, wreath 1/3, archetype 3/12"
  },
  "best_log_score": -278.0132308950961,
  "cfg_digest": "46e180c7bf452061b2f906f0c23c06d9ae86f1a80be4af322eebee10d8d1d120",
  "code_version": "unknown",
  "containment_radius_50_deg": 23.10634608190615,
  "containment_radius_90_deg": 61.95192866239699,
  "elite_keep": 50,
  "n_initial": 2000,
  "n_tnos": 12,
  "offspring_per_elite": 5,
  "posterior_temperature": 8.0,
  "refine_rounds": 1,
  "seed": 1,
  "sky_center_dec_deg": 11.83671042938085,
  "sky_center_ra_deg": 22.30099966517089,
  "tno_digest": "670837755d77a8089d3de9241843fcea35fdef7e64887660d34e02eaf3105003"
}
